capture_index,source_control_phase
0,source_off_before
1,source_off_before
2,source_off_before
3,source_off_before
4,source_off_before
5,source_off_before
6,source_off_before
7,source_off_before
8,source_off_before
9,source_off_before
10,source_off_before
11,source_off_before
12,source_off_before
13,source_off_before
14,source_off_before
15,source_off_before
16,source_off_before
17,source_off_before
18,source_off_before
19,source_off_before
20,source_off_before
21,source_off_before
22,source_off_before
23,source_off_before
24,source_off_before
25,source_off_before
26,source_off_before
27,source_off_before
28,source_off_before
29,source_off_before
30,source_off_before
31,source_off_before
32,source_off_before
33,source_off_before
34,source_off_before
35,source_off_before
36,source_off_before
37,source_off_before
38,source_off_before
39,source_off_before
40,source_off_before
41,source_off_before
42,control_transition_guard_excluded
43,control_transition_guard_excluded
44,control_transition_guard_excluded
45,control_transition_guard_excluded
46,control_transition_guard_excluded
47,control_transition_guard_excluded
48,source_on_episode_0
49,source_on_episode_0
50,source_on_episode_0
51,source_on_episode_0
52,source_on_episode_0
53,source_on_episode_0
54,source_on_episode_0
55,source_on_episode_0
56,source_on_episode_0
57,source_on_episode_0
58,source_on_episode_0
59,source_on_episode_0
60,source_on_episode_0
61,source_on_episode_0
62,source_on_episode_0
63,source_on_episode_0
64,source_on_episode_0
65,source_on_episode_0
66,source_on_episode_0
67,source_on_episode_0
68,source_on_episode_0
69,source_on_episode_0
70,source_on_episode_0
71,source_on_episode_0
72,source_on_episode_0
73,source_on_episode_0
74,source_on_episode_0
75,source_on_episode_0
76,source_on_episode_0
77,source_on_episode_0
78,source_on_episode_0
79,source_on_episode_0
80,source_on_episode_0
81,source_on_episode_0
82,source_on_episode_0
83,source_on_episode_0
84,source_on_episode_0
85,source_on_episode_0
86,source_on_episode_0
87,source_on_episode_0
88,source_on_episode_0
89,source_on_episode_0
90,source_on_episode_0
91,source_on_episode_0
92,source_on_episode_0
93,source_on_episode_0
94,source_on_episode_0
95,source_on_episode_0
96,source_on_episode_0
97,source_on_episode_0
98,source_on_episode_0
99,source_on_episode_0
100,source_on_episode_0
101,source_on_episode_0
102,source_on_episode_0
103,source_on_episode_0
104,source_on_episode_0
105,source_on_episode_0
106,source_on_episode_0
107,source_on_episode_0
108,source_on_episode_0
109,source_on_episode_0
110,source_on_episode_0
111,source_on_episode_0
112,source_on_episode_0
113,source_on_episode_0
114,source_on_episode_0
115,source_on_episode_0
116,source_on_episode_0
117,source_on_episode_0
118,source_on_episode_0
119,source_on_episode_0
120,source_on_episode_0
121,source_on_episode_0
122,source_on_episode_0
123,source_on_episode_0
124,source_on_episode_0
125,source_on_episode_0
126,source_on_episode_0
127,source_on_episode_0
128,source_on_episode_0
129,source_on_episode_0
130,source_on_episode_0
131,source_on_episode_0
132,source_on_episode_0
133,source_on_episode_0
134,source_on_episode_0
135,source_on_episode_0
136,source_on_episode_0
137,source_on_episode_0
138,source_on_episode_0
139,source_on_episode_0
140,source_on_episode_0
141,source_on_episode_0
142,source_on_episode_0
143,source_on_episode_0
144,source_on_episode_0
145,source_on_episode_0
146,source_on_episode_0
147,source_on_episode_0
148,source_on_episode_0
149,source_on_episode_0
150,source_on_episode_0
151,source_on_episode_0
152,source_on_episode_0
153,source_on_episode_0
154,source_on_episode_0
155,source_on_episode_0
156,source_on_episode_0
157,source_on_episode_0
158,source_on_episode_0
159,source_on_episode_0
160,source_on_episode_0
161,source_on_episode_0
162,source_on_episode_0
163,source_on_episode_0
164,source_on_episode_0
165,source_on_episode_0
166,source_on_episode_0
167,source_on_episode_0
168,source_on_episode_0
169,source_on_episode_0
170,source_on_episode_0
171,source_on_episode_0
172,source_on_episode_0
173,source_on_episode_0
174,source_on_episode_0
175,source_on_episode_0
176,source_on_episode_0
177,source_on_episode_0
178,source_on_episode_0
179,source_on_episode_0
180,source_on_episode_0
181,source_on_episode_0
182,source_on_episode_0
183,source_on_episode_0
184,source_on_episode_0
185,source_on_episode_0
186,source_on_episode_0
187,source_on_episode_0
188,source_on_episode_0
189,source_on_episode_0
190,source_on_episode_0
191,source_on_episode_0
192,source_on_episode_0
193,source_on_episode_0
194,source_on_episode_0
195,source_on_episode_0
196,source_on_episode_0
197,source_on_episode_0
198,source_on_episode_0
199,source_on_episode_0
200,source_on_episode_0
201,source_on_episode_0
202,source_on_episode_0
203,source_on_episode_0
204,source_on_episode_0
205,source_on_episode_0
206,source_on_episode_0
207,source_on_episode_0
208,source_on_episode_0
209,source_on_episode_0
210,source_on_episode_0
211,source_on_episode_0
212,source_on_episode_0
213,source_on_episode_0
214,source_on_episode_0
215,source_on_episode_0
216,source_on_episode_0
217,source_on_episode_0
218,source_on_episode_0
219,source_on_episode_0
220,source_on_episode_0
221,source_on_episode_0
222,source_on_episode_0
223,source_on_episode_0
224,source_on_episode_0
225,source_on_episode_0
226,source_on_episode_0
227,source_on_episode_0
228,source_on_episode_0
229,source_on_episode_0
230,source_on_episode_0
231,source_on_episode_0
232,source_on_episode_0
233,source_on_episode_0
234,source_on_episode_0
235,source_on_episode_0
236,source_on_episode_0
237,source_on_episode_0
238,source_on_episode_0
239,source_on_episode_0
240,source_on_episode_0
241,source_on_episode_0
242,source_on_episode_0
243,source_on_episode_0
244,source_on_episode_0
245,source_on_episode_0
246,source_on_episode_0
247,source_on_episode_0
248,source_on_episode_0
249,source_on_episode_0
250,source_on_episode_0
251,source_on_episode_0
252,source_on_episode_0
253,source_on_episode_0
254,source_on_episode_0
255,source_on_episode_0
256,source_on_episode_0
257,source_on_episode_0
258,source_on_episode_0
259,source_on_episode_0
260,source_on_episode_0
261,source_on_episode_0
262,source_on_episode_0
263,source_on_episode_0
264,source_on_episode_0
265,source_on_episode_0
266,source_on_episode_0
267,source_on_episode_0
268,source_on_episode_0
269,source_on_episode_0
270,source_on_episode_0
271,source_on_episode_0
272,source_on_episode_0
273,source_on_episode_0
274,source_on_episode_0
275,source_on_episode_0
276,source_on_episode_0
277,source_on_episode_0
278,source_on_episode_0
279,source_on_episode_0
280,source_on_episode_0
281,source_on_episode_0
282,source_on_episode_0
283,source_on_episode_0
284,source_on_episode_0
285,source_on_episode_0
286,source_on_episode_0
287,source_on_episode_0
288,source_on_episode_0
289,source_on_episode_0
290,source_on_episode_0
291,source_on_episode_0
292,source_on_episode_0
293,source_on_episode_0
294,source_on_episode_0
295,source_on_episode_0
296,source_on_episode_0
297,source_on_episode_0
298,source_on_episode_0
299,source_on_episode_0
300,control_transition_guard_excluded
301,control_transition_guard_excluded
302,control_transition_guard_excluded
303,control_transition_guard_excluded
304,control_transition_guard_excluded
305,source_off_after_episode_0
306,source_off_after_episode_0
307,source_off_after_episode_0
308,source_off_after_episode_0
309,source_off_after_episode_0
310,source_off_after_episode_0
311,source_off_after_episode_0
312,source_off_after_episode_0
313,source_off_after_episode_0
314,source_off_after_episode_0
315,source_off_after_episode_0
316,source_off_after_episode_0
317,source_off_after_episode_0
318,source_off_after_episode_0
319,source_off_after_episode_0
320,source_off_after_episode_0
321,source_off_after_episode_0
322,source_off_after_episode_0
323,source_off_after_episode_0
324,source_off_after_episode_0
325,source_off_after_episode_0
326,source_off_after_episode_0
327,source_off_after_episode_0
328,source_off_after_episode_0
329,source_off_after_episode_0
330,source_off_after_episode_0
331,source_off_after_episode_0
332,source_off_after_episode_0
333,source_off_after_episode_0
334,source_off_after_episode_0
335,source_off_after_episode_0
336,source_off_after_episode_0
337,source_off_after_episode_0
338,source_off_after_episode_0
339,source_off_after_episode_0
340,source_off_after_episode_0
341,source_off_after_episode_0
342,source_off_after_episode_0
343,source_off_after_episode_0
344,control_transition_guard_excluded
345,control_transition_guard_excluded
346,control_transition_guard_excluded
347,control_transition_guard_excluded
348,control_transition_guard_excluded
349,source_on_episode_1
350,source_on_episode_1
351,source_on_episode_1
352,source_on_episode_1
353,source_on_episode_1
354,source_on_episode_1
355,source_on_episode_1
356,source_on_episode_1
357,source_on_episode_1
358,source_on_episode_1
359,source_on_episode_1
360,source_on_episode_1
361,source_on_episode_1
362,source_on_episode_1
363,source_on_episode_1
364,source_on_episode_1
365,source_on_episode_1
366,source_on_episode_1
367,source_on_episode_1
368,source_on_episode_1
369,source_on_episode_1
370,source_on_episode_1
371,source_on_episode_1
372,source_on_episode_1
373,source_on_episode_1
374,source_on_episode_1
375,source_on_episode_1
376,source_on_episode_1
377,source_on_episode_1
378,source_on_episode_1
379,source_on_episode_1
380,source_on_episode_1
381,source_on_episode_1
382,source_on_episode_1
383,source_on_episode_1
384,source_on_episode_1
385,source_on_episode_1
386,source_on_episode_1
387,source_on_episode_1
388,source_on_episode_1
389,source_on_episode_1
390,source_on_episode_1
391,source_on_episode_1
392,source_on_episode_1
393,source_on_episode_1
394,source_on_episode_1
395,source_on_episode_1
396,source_on_episode_1
397,source_on_episode_1
398,source_on_episode_1
399,source_on_episode_1
400,source_on_episode_1
401,source_on_episode_1
402,source_on_episode_1
403,source_on_episode_1
404,source_on_episode_1
405,source_on_episode_1
406,source_on_episode_1
407,source_on_episode_1
408,source_on_episode_1
409,source_on_episode_1
410,source_on_episode_1
411,source_on_episode_1
412,source_on_episode_1
413,source_on_episode_1
414,source_on_episode_1
415,source_on_episode_1
416,source_on_episode_1
417,source_on_episode_1
418,source_on_episode_1
419,source_on_episode_1
420,source_on_episode_1
421,source_on_episode_1
422,source_on_episode_1
423,source_on_episode_1
424,source_on_episode_1
425,source_on_episode_1
426,source_on_episode_1
427,source_on_episode_1
428,source_on_episode_1
429,source_on_episode_1
430,source_on_episode_1
431,source_on_episode_1
432,source_on_episode_1
433,source_on_episode_1
434,source_on_episode_1
435,source_on_episode_1
436,source_on_episode_1
437,source_on_episode_1
438,source_on_episode_1
439,source_on_episode_1
440,source_on_episode_1
441,source_on_episode_1
442,source_on_episode_1
443,source_on_episode_1
444,source_on_episode_1
445,source_on_episode_1
446,source_on_episode_1
447,source_on_episode_1
448,source_on_episode_1
449,source_on_episode_1
450,source_on_episode_1
451,source_on_episode_1
452,source_on_episode_1
453,source_on_episode_1
454,source_on_episode_1
455,source_on_episode_1
456,source_on_episode_1
457,source_on_episode_1
458,source_on_episode_1
459,source_on_episode_1
460,source_on_episode_1
461,source_on_episode_1
462,source_on_episode_1
463,source_on_episode_1
464,source_on_episode_1
465,source_on_episode_1
466,source_on_episode_1
467,source_on_episode_1
468,source_on_episode_1
469,source_on_episode_1
470,source_on_episode_1
471,source_on_episode_1
472,source_on_episode_1
473,source_on_episode_1
474,source_on_episode_1
475,source_on_episode_1
476,source_on_episode_1
477,source_on_episode_1
478,source_on_episode_1
479,source_on_episode_1
480,source_on_episode_1
481,source_on_episode_1
482,source_on_episode_1
483,source_on_episode_1
484,source_on_episode_1
485,source_on_episode_1
486,source_on_episode_1
487,source_on_episode_1
488,source_on_episode_1
489,source_on_episode_1
490,source_on_episode_1
491,source_on_episode_1
492,source_on_episode_1
493,source_on_episode_1
494,source_on_episode_1
495,source_on_episode_1
496,source_on_episode_1
497,source_on_episode_1
498,source_on_episode_1
499,source_on_episode_1
500,source_on_episode_1
501,source_on_episode_1
502,source_on_episode_1
503,source_on_episode_1
504,source_on_episode_1
505,source_on_episode_1
506,source_on_episode_1
507,source_on_episode_1
508,source_on_episode_1
509,source_on_episode_1
510,source_on_episode_1
511,source_on_episode_1
512,source_on_episode_1
513,source_on_episode_1
514,source_on_episode_1
515,source_on_episode_1
516,source_on_episode_1
517,source_on_episode_1
518,source_on_episode_1
519,source_on_episode_1
520,source_on_episode_1
521,source_on_episode_1
522,source_on_episode_1
523,source_on_episode_1
524,source_on_episode_1
525,source_on_episode_1
526,source_on_episode_1
527,source_on_episode_1
528,source_on_episode_1
529,source_on_episode_1
530,source_on_episode_1
531,source_on_episode_1
532,source_on_episode_1
533,source_on_episode_1
534,source_on_episode_1
535,source_on_episode_1
536,source_on_episode_1
537,source_on_episode_1
538,source_on_episode_1
539,source_on_episode_1
540,source_on_episode_1
541,source_on_episode_1
542,source_on_episode_1
543,source_on_episode_1
544,source_on_episode_1
545,source_on_episode_1
546,source_on_episode_1
547,source_on_episode_1
548,source_on_episode_1
549,source_on_episode_1
550,source_on_episode_1
551,source_on_episode_1
552,source_on_episode_1
553,source_on_episode_1
554,source_on_episode_1
555,source_on_episode_1
556,source_on_episode_1
557,source_on_episode_1
558,source_on_episode_1
559,source_on_episode_1
560,source_on_episode_1
561,source_on_episode_1
562,source_on_episode_1
563,source_on_episode_1
564,source_on_episode_1
565,source_on_episode_1
566,source_on_episode_1
567,source_on_episode_1
568,source_on_episode_1
569,source_on_episode_1
570,source_on_episode_1
571,source_on_episode_1
572,source_on_episode_1
573,source_on_episode_1
574,source_on_episode_1
575,source_on_episode_1
576,source_on_episode_1
577,source_on_episode_1
578,source_on_episode_1
579,source_on_episode_1
580,source_on_episode_1
581,source_on_episode_1
582,source_on_episode_1
583,source_on_episode_1
584,source_on_episode_1
585,source_on_episode_1
586,source_on_episode_1
587,source_on_episode_1
588,source_on_episode_1
589,source_on_episode_1
590,control_transition_guard_excluded
591,control_transition_guard_excluded
592,control_transition_guard_excluded
593,control_transition_guard_excluded
594,control_transition_guard_excluded
595,control_transition_guard_excluded
596,source_off_after_episode_1
597,source_off_after_episode_1
598,source_off_after_episode_1
599,source_off_after_episode_1
600,source_off_after_episode_1
601,source_off_after_episode_1
602,source_off_after_episode_1
603,source_off_after_episode_1
604,source_off_after_episode_1
605,source_off_after_episode_1
606,source_off_after_episode_1
607,source_off_after_episode_1
608,source_off_after_episode_1
609,source_off_after_episode_1
610,source_off_after_episode_1
611,source_off_after_episode_1
612,source_off_after_episode_1
613,source_off_after_episode_1
614,source_off_after_episode_1
615,source_off_after_episode_1
616,source_off_after_episode_1
617,source_off_after_episode_1
618,source_off_after_episode_1
619,source_off_after_episode_1
620,source_off_after_episode_1
621,source_off_after_episode_1
622,source_off_after_episode_1
623,source_off_after_episode_1
624,source_off_after_episode_1
625,source_off_after_episode_1
626,source_off_after_episode_1
627,source_off_after_episode_1
628,source_off_after_episode_1
629,source_off_after_episode_1
630,source_off_after_episode_1
631,source_off_after_episode_1
632,source_off_after_episode_1
633,source_off_after_episode_1
634,source_off_after_episode_1
635,control_transition_guard_excluded
636,control_transition_guard_excluded
637,control_transition_guard_excluded
638,control_transition_guard_excluded
639,control_transition_guard_excluded
640,control_transition_guard_excluded
641,source_on_episode_2
642,source_on_episode_2
643,source_on_episode_2
644,source_on_episode_2
645,source_on_episode_2
646,source_on_episode_2
647,source_on_episode_2
648,source_on_episode_2
649,source_on_episode_2
650,source_on_episode_2
651,source_on_episode_2
652,source_on_episode_2
653,source_on_episode_2
654,source_on_episode_2
655,source_on_episode_2
656,source_on_episode_2
657,source_on_episode_2
658,source_on_episode_2
659,source_on_episode_2
660,source_on_episode_2
661,source_on_episode_2
662,source_on_episode_2
663,source_on_episode_2
664,source_on_episode_2
665,source_on_episode_2
666,source_on_episode_2
667,source_on_episode_2
668,source_on_episode_2
669,source_on_episode_2
670,source_on_episode_2
671,source_on_episode_2
672,source_on_episode_2
673,source_on_episode_2
674,source_on_episode_2
675,source_on_episode_2
676,source_on_episode_2
677,source_on_episode_2
678,source_on_episode_2
679,source_on_episode_2
680,source_on_episode_2
681,source_on_episode_2
682,source_on_episode_2
683,source_on_episode_2
684,source_on_episode_2
685,source_on_episode_2
686,source_on_episode_2
687,source_on_episode_2
688,source_on_episode_2
689,source_on_episode_2
690,source_on_episode_2
691,source_on_episode_2
692,source_on_episode_2
693,source_on_episode_2
694,source_on_episode_2
695,source_on_episode_2
696,source_on_episode_2
697,source_on_episode_2
698,source_on_episode_2
699,source_on_episode_2
700,source_on_episode_2
701,source_on_episode_2
702,source_on_episode_2
703,source_on_episode_2
704,source_on_episode_2
705,source_on_episode_2
706,source_on_episode_2
707,source_on_episode_2
708,source_on_episode_2
709,source_on_episode_2
710,source_on_episode_2
711,source_on_episode_2
712,source_on_episode_2
713,source_on_episode_2
714,source_on_episode_2
715,source_on_episode_2
716,source_on_episode_2
717,source_on_episode_2
718,source_on_episode_2
719,source_on_episode_2
720,source_on_episode_2
721,source_on_episode_2
722,source_on_episode_2
723,source_on_episode_2
724,source_on_episode_2
725,source_on_episode_2
726,source_on_episode_2
727,source_on_episode_2
728,source_on_episode_2
729,source_on_episode_2
730,source_on_episode_2
731,source_on_episode_2
732,source_on_episode_2
733,source_on_episode_2
734,source_on_episode_2
735,source_on_episode_2
736,source_on_episode_2
737,source_on_episode_2
738,source_on_episode_2
739,source_on_episode_2
740,source_on_episode_2
741,source_on_episode_2
742,source_on_episode_2
743,source_on_episode_2
744,source_on_episode_2
745,source_on_episode_2
746,source_on_episode_2
747,source_on_episode_2
748,source_on_episode_2
749,source_on_episode_2
750,source_on_episode_2
751,source_on_episode_2
752,source_on_episode_2
753,source_on_episode_2
754,source_on_episode_2
755,source_on_episode_2
756,source_on_episode_2
757,source_on_episode_2
758,source_on_episode_2
759,source_on_episode_2
760,source_on_episode_2
761,source_on_episode_2
762,source_on_episode_2
763,source_on_episode_2
764,source_on_episode_2
765,source_on_episode_2
766,source_on_episode_2
767,source_on_episode_2
768,source_on_episode_2
769,source_on_episode_2
770,source_on_episode_2
771,source_on_episode_2
772,source_on_episode_2
773,source_on_episode_2
774,source_on_episode_2
775,source_on_episode_2
776,source_on_episode_2
777,source_on_episode_2
778,source_on_episode_2
779,source_on_episode_2
780,source_on_episode_2
781,source_on_episode_2
782,source_on_episode_2
783,source_on_episode_2
784,source_on_episode_2
785,source_on_episode_2
786,source_on_episode_2
787,source_on_episode_2
788,source_on_episode_2
789,source_on_episode_2
790,source_on_episode_2
791,source_on_episode_2
792,source_on_episode_2
793,source_on_episode_2
794,source_on_episode_2
795,source_on_episode_2
796,source_on_episode_2
797,source_on_episode_2
798,source_on_episode_2
799,source_on_episode_2
800,source_on_episode_2
801,source_on_episode_2
802,source_on_episode_2
803,source_on_episode_2
804,source_on_episode_2
805,source_on_episode_2
806,source_on_episode_2
807,source_on_episode_2
808,source_on_episode_2
809,source_on_episode_2
810,source_on_episode_2
811,source_on_episode_2
812,source_on_episode_2
813,source_on_episode_2
814,source_on_episode_2
815,source_on_episode_2
816,source_on_episode_2
817,source_on_episode_2
818,source_on_episode_2
819,source_on_episode_2
820,source_on_episode_2
821,source_on_episode_2
822,source_on_episode_2
823,source_on_episode_2
824,source_on_episode_2
825,source_on_episode_2
826,source_on_episode_2
827,source_on_episode_2
828,source_on_episode_2
829,source_on_episode_2
830,source_on_episode_2
831,source_on_episode_2
832,source_on_episode_2
833,source_on_episode_2
834,source_on_episode_2
835,source_on_episode_2
836,source_on_episode_2
837,source_on_episode_2
838,source_on_episode_2
839,source_on_episode_2
840,source_on_episode_2
841,source_on_episode_2
842,source_on_episode_2
843,source_on_episode_2
844,source_on_episode_2
845,source_on_episode_2
846,source_on_episode_2
847,source_on_episode_2
848,source_on_episode_2
849,source_on_episode_2
850,source_on_episode_2
851,source_on_episode_2
852,source_on_episode_2
853,source_on_episode_2
854,source_on_episode_2
855,source_on_episode_2
856,source_on_episode_2
857,source_on_episode_2
858,source_on_episode_2
859,source_on_episode_2
860,source_on_episode_2
861,source_on_episode_2
862,source_on_episode_2
863,source_on_episode_2
864,source_on_episode_2
865,source_on_episode_2
866,source_on_episode_2
867,source_on_episode_2
868,source_on_episode_2
869,source_on_episode_2
870,source_on_episode_2
871,source_on_episode_2
872,source_on_episode_2
873,source_on_episode_2
874,source_on_episode_2
875,source_on_episode_2
876,source_on_episode_2
877,source_on_episode_2
878,source_on_episode_2
879,source_on_episode_2
880,source_on_episode_2
881,source_on_episode_2
882,source_on_episode_2
883,source_on_episode_2
884,source_on_episode_2
885,source_on_episode_2
886,source_on_episode_2
887,source_on_episode_2
888,source_on_episode_2
889,source_on_episode_2
890,source_on_episode_2
891,source_on_episode_2
892,source_on_episode_2
893,source_on_episode_2
894,source_on_episode_2
895,source_on_episode_2
896,source_on_episode_2
897,source_on_episode_2
898,source_on_episode_2
899,control_transition_guard_excluded
900,control_transition_guard_excluded
901,control_transition_guard_excluded
902,control_transition_guard_excluded
903,source_off_after
904,source_off_after
905,source_off_after
906,source_off_after
907,source_off_after
908,source_off_after
909,source_off_after
910,source_off_after
911,source_off_after
912,source_off_after
913,source_off_after
914,source_off_after
915,source_off_after
916,source_off_after
917,source_off_after
918,source_off_after
919,source_off_after
920,source_off_after
921,source_off_after
922,source_off_after
923,source_off_after
924,source_off_after
925,source_off_after
926,source_off_after
927,source_off_after
928,source_off_after
929,source_off_after
930,source_off_after
931,source_off_after
932,source_off_after
933,source_off_after
934,source_off_after
935,source_off_after
936,source_off_after
937,source_off_after
938,source_off_after
939,source_off_after
940,source_off_after
941,source_off_after
942,source_off_after
943,source_off_after
944,source_off_after
945,source_off_after
946,source_off_after
947,source_off_after
948,source_off_after
949,source_off_after
950,source_off_after
951,source_off_after
952,source_off_after
953,source_off_after
954,source_off_after
955,source_off_after
956,source_off_after
957,source_off_after
958,source_off_after
959,source_off_after
960,source_off_after
961,source_off_after
962,source_off_after
963,source_off_after
964,source_off_after
965,source_off_after
966,source_off_after
967,source_off_after
968,source_off_after
969,source_off_after
970,source_off_after
971,source_off_after
972,source_off_after
973,source_off_after
974,source_off_after
975,source_off_after
976,source_off_after
977,source_off_after
978,source_off_after
979,source_off_after
980,source_off_after
981,source_off_after
982,source_off_after
983,source_off_after
