ac_power_codes_squared,actual_crc32,capture_index,channel_to_background_db,command_start_ns,component_endpoint_fraction,crc_and_count_valid,crc_ok,expected_crc32,firmware_capture_us,header_received_ns,mean_i,mean_power_codes_squared,mean_q,nominal_rf_window_us,payload_received_ns,payload_transfer_ms,private_payload_sha256,returned_samples,round_trip_ms,sample_count_ok,unique_i_codes,unique_q_codes
3.6117098005101673,4d81ba23,0,-0.24223553668045225,709598081639981,0.0,True,True,4d81ba23,1033,709598088669780,-0.5146520146520146,4.39932844932845,-0.723015873015873,1023.7499999999999,709598443657869,354.988089,bbd095e21dab1da08d4a00e59f4bff9fcf463efc0b870b88a2ecaab5b4283b01,16380,362.017888,True,16,14
3925.6435866836327,199cfafd,1,-6.479332768942556,709598459740769,0.0027472527472527475,True,True,199cfafd,1025,709598466481862,-0.6504884004884005,3926.469536019536,-0.6346764346764346,1023.7499999999999,709598821684668,355.202806,b7d5872844022f72a03670c02b538f50151c670cfc914effc34a805a9783f7f6,16380,361.943899,True,240,256
6377.843105006851,35e0e918,2,-0.041182901584581245,709598824163339,0.03363858363858364,True,True,35e0e918,1026,709598830499798,-1.1205128205128205,6379.303357753358,-0.45244200244200244,1023.7499999999999,709599185701752,355.201954,6f5d7dca0da0f8c9aaaabd8b5acc4f07f42bb6e21c14ff612894add1e4ad82e8,16380,361.538413,True,240,256
29.75059656121927,84520251,3,-0.13590552676242773,709599189477404,0.0,True,True,84520251,1025,709599196458551,-0.7777777777777778,30.853601953601952,-0.7057387057387058,1023.7499999999999,709599551695361,355.23681,8b743e36f37ac56fa665301c3cb30362a7d6dd66610911ba245c66566d80e643,16380,362.217957,True,79,80
7666.780345987617,c3695a19,4,-6.985204823084806,709599554152011,0.014621489621489622,True,True,c3695a19,1026,709599560506835,-0.25964590964590967,7668.532844932845,-1.2981074481074482,1023.7499999999999,709599915690274,355.183439,dc169b8dd66121693b3ab5622d9d6b9d775a65f8b6c2b7ca9b531913b0b89171,16380,361.538263,True,240,256
5589.206747813305,cbc36f37,5,-7.017759004772629,709599917858219,0.004181929181929182,True,True,cbc36f37,1025,709599924449570,-0.7731379731379732,5590.794017094017,-0.9947496947496948,1023.7499999999999,709600279671974,355.222404,913b48963f94eb7c9a588eab60cefcbba07a2f23e60b2478f48dd3c93eba7f0a,16380,361.813755,True,240,256
1494.8623474493895,d811f13b,6,1.4021314051041598,709600281996835,0.002686202686202686,True,True,d811f13b,1026,709600288521830,-0.6716727716727716,1496.452442002442,-1.0672161172161172,1023.7499999999999,709600643686646,355.164816,bb0174dda36f9b03cdab19ce50a2aa02ec992e351cf94b3ac55e797dc6c98f1e,16380,361.689811,True,240,255
4114.320181238176,dd7863db,7,-14.95136876162946,709600646464643,0.0032661782661782663,True,True,dd7863db,1025,709600653461971,-0.7670329670329671,4115.61862026862,-0.8426739926739927,1023.7499999999999,709601008715193,355.253222,f254382f3ca5146ab2c69b57d71d005ec251db0e0b60d282c8acb2578926adc2,16380,362.25055,True,239,256
6511.58147909613,0644f9c5,8,-7.423611033696629,709601010894630,0.012881562881562881,True,True,0644f9c5,1026,709601017429293,-0.7492063492063492,6513.4123321123325,-1.1267399267399267,1023.7499999999999,709601372707143,355.27785,d07516188f37bb84242123c6474f6b8c3657346f859043a093a972db07f53106,16380,361.812513,True,240,256
24877.428133519243,4fad9308,9,-3.6561016313865906,709601374671814,0.18052503052503052,True,True,4fad9308,1025,709601381520420,-1.0263736263736263,24879.180402930404,-0.835958485958486,1023.7499999999999,709601736692420,355.172,bf9cdeedff6be975094f6e96aee8601fb8c3cd55e7ad35b3cbe2d13dc94466ba,16380,362.020606,True,240,256
5410.021428344074,05d4999a,10,1.6607112898078253,709601738639618,0.01862026862026862,True,True,05d4999a,1026,709601745523652,0.07173382173382173,5410.6076312576315,-0.7622710622710622,1023.7499999999999,709602100742580,355.218928,b0a5b336ccebaf738a8d318f6cbb90c1d44897a8bd719a7d29b69b3439c66491,16380,362.102962,True,240,256
5868.238892820989,687d4bc3,11,-7.0698294765420595,709602103702942,0.0,True,True,687d4bc3,1025,709602110516803,-0.6332722832722832,5869.828266178266,-1.09010989010989,1023.7499999999999,709602465732496,355.215693,0cb820ea96963e0d34d4c9e9eb611bd4219e3358d6d0cfe778555680937e4de3,16380,362.029554,True,240,242
3.3437186121435203,78777a6b,12,-0.018197004227034325,709602467761669,0.0,True,True,78777a6b,1026,709602474509515,-0.6024420024420024,4.352136752136752,-0.8034188034188035,1023.7499999999999,709602829705201,355.195686,222ce9af25e653e1aebb5f3e7a81da782c6ebc187e091e63125515998c65af11,16380,361.943532,True,13,13
3.1710668740430648,ac0ce242,13,-0.5696311604752077,709602831499350,0.0,True,True,ac0ce242,1025,709602838520923,-0.30494505494505497,3.8766178266178266,-0.7826617826617827,1023.7499999999999,709603193754951,355.234028,2d30ff73128273a2add9529718b79b2ebdd4f3f4d6155884eda91b13d6ef4c3d,16380,362.255601,True,11,12
3188.263414293616,33594ff1,14,-6.910362691425723,709603196706476,0.002197802197802198,True,True,33594ff1,1026,709603203521890,-0.2246031746031746,3188.781807081807,-0.6840659340659341,1023.7499999999999,709603558719380,355.19749,03f7bb420fe5e267960be9a5fa1eb27263aa98155720c194689b19fb38f7d0be,16380,362.012904,True,240,256
112.37661181478946,969e9b35,15,-3.1191542299210417,709603560684923,0.0,True,True,969e9b35,1025,709603566926182,-0.4476800976800977,113.37564102564103,-0.8936507936507937,1023.7499999999999,709603922805570,355.879388,36fdea00b5eba4c15b32c659b1651810aa0f0a79559eeb7fe399c6c7a3f8adc1,16380,362.120647,True,91,88
992.9963473949737,e3d98e7c,16,-0.33366345605835057,709603925685209,0.0,True,True,e3d98e7c,1026,709603931841458,-0.4562271062271062,993.7260073260073,-0.7221611721611721,1023.7499999999999,709604287748227,355.906769,7c2a43ce01239e3a9778c3fdfeee021698350c1282136169cb1f9f3a503f6f9b,16380,362.063018,True,228,228
5153.6346959610055,9d15e6fd,17,1.8806714501650896,709604290141859,0.012698412698412698,True,True,9d15e6fd,1025,709604295880880,-0.38431013431013433,5154.589316239316,-0.8982905982905983,1023.7499999999999,709604651748266,355.867386,ad68af5eb92a49b6bfbd33a124aaee9d04c95cfaf2b115ed7364fd1eca50ffd7,16380,361.606407,True,240,256
15.45116244832362,85c3f2a1,18,0.697887484195093,709604653658354,0.0,True,True,85c3f2a1,1026,709604659839850,-0.4846764346764347,16.33028083028083,-0.8026251526251527,1023.7499999999999,709605015752391,355.912541,4853254f6cc8909b42b27d56b9a88dee08c4d26417181bd97c76b6b569fbecd0,16380,362.094037,True,35,34
7881.843571644744,b9613ed5,19,-5.310518187150136,709605017891802,0.01510989010989011,True,True,b9613ed5,1025,709605023864785,-0.6998778998778998,7884.783638583639,-1.5653235653235653,1023.7499999999999,709605379772287,355.907502,7bca424e07359a3aa7528ff481bf28a56ca55e1d55e2b199f0a30ef5d8df6acf,16380,361.880485,True,240,256
5.307547360386189,035626b6,20,-0.08683579554166528,709605382258333,0.0,True,True,035626b6,1026,709605388878418,-0.3418192918192918,6.369841269841269,-0.9723443223443223,1023.7499999999999,709605744774680,355.896262,9510730b7b63036e4dd200a615b4dd26b9fcd01a898a65bd267972760d6d7bf5,16380,362.516347,True,18,18
727.1042415629413,9c28de8b,21,-37.594340557485175,709605746535225,0.0,True,True,9c28de8b,1025,709605752846066,-0.22777777777777777,728.0380952380953,-0.9391330891330891,1023.7499999999999,709606108775510,355.929444,34ca9174887a8ff965d1d62cd99650a0b573b647c03be40a772405bbb4c5ae2f,16380,362.240285,True,196,198
4018.8152879416066,cd8091a4,22,-4.969053294724426,709606111336167,0.02615995115995116,True,True,cd8091a4,1026,709606117898042,-0.3990842490842491,4021.263736263736,-1.513003663003663,1023.7499999999999,709606473749900,355.851858,9c4c0b4bcfb40a69eafe105919a8a7d0c6a02a0fe3449225103003b8beaf9991,16380,362.413733,True,237,251
3.3011146667740077,746ff91a,23,-0.03461844327832082,709606475867540,0.0,True,True,746ff91a,1025,709606481917207,-0.43937728937728937,3.9905982905982906,-0.7045787545787546,1023.7499999999999,709606837773645,355.856438,dcb797d2a846bfa1ebd90c561aecaafeffa308a8c5a78ed3db5bc37cdfc1c299,16380,361.906105,True,14,12
2.8243891564953842,a8fe04cc,24,-0.7840068355435709,709606839803338,0.0,True,True,a8fe04cc,1026,709606845881259,-0.5103174603174603,3.7323565323565324,-0.8047008547008547,1023.7499999999999,709607201781920,355.900661,9ea1042f6a912ab6e01ad1e69cd938693a95a10cba03bf4138ed4b9734b2eb69,16380,361.978582,True,11,11
3.5179682107337786,a3197c10,25,0.43832930460577574,709607232052559,0.0,True,True,a3197c10,1025,709607237860920,-0.5036019536019536,4.447130647130647,-0.8219169719169719,1023.7499999999999,709607593761782,355.900862,0ab324e1fbecec2c70546032ddc83bdce4caa5232bd0c07d01a4ac03e634ad37,16380,361.709223,True,12,13
2427.7102103133607,ff44e8dc,26,0.14732481661116625,709607596286161,0.006746031746031746,True,True,ff44e8dc,1026,709607602901777,0.0768009768009768,2427.753846153846,-0.19426129426129427,1023.7499999999999,709607958797680,355.895903,a51fe25e4834eb2dacadb98c16af49ae604a13d08d1dae5b9938456949589893,16380,362.511519,True,240,256
691.8684060157046,943b139d,27,3.984050876762679,709607962849814,0.0,True,True,943b139d,1025,709607968944246,-0.9402319902319902,693.1227716727717,-0.6085470085470085,1023.7499999999999,709608324799061,355.854815,1cb791c56f2077b3137f3ad0fb672b9ad127d79b54effb0d1c15921fd60f1f1f,16380,361.949247,True,193,192
3402.040959149384,6c04afe6,28,-4.852398172384386,709608326895311,0.021001221001221003,True,True,6c04afe6,1026,709608332932394,-0.1822954822954823,3402.994993894994,-0.9595848595848596,1023.7499999999999,709608688797970,355.865576,de32196960913c5da17c70d20a665e01221ea2ad4553b1b03a80378daa70d7d3,16380,361.902659,True,237,250
2.8545959812809634,22ee647c,29,-0.1601838940921191,709608690609723,0.0,True,True,22ee647c,1025,709608696922257,-0.4045787545787546,3.5484737484737483,-0.7281440781440781,1023.7499999999999,709609052783134,355.860877,0b156b9b73f9a225cf49a623997c64679d908ce8ab801c6a2e63a5a30225400e,16380,362.173411,True,12,12
22598.20364691746,f494ba82,30,-4.457288082535145,709609054544000,0.1630952380952381,True,True,f494ba82,1026,709609061022287,-0.6257631257631258,22598.595238095237,0.003418803418803419,1023.7499999999999,709609415873477,354.85119,bc95089c0db4aa2847412ff7e278ef5c84cc6c06e1bc43402ea1a79a88cc5c35,16380,361.329477,True,240,256
794.8469493605024,51303570,31,-0.1687063172964319,709609417605228,0.004242979242979243,True,True,51303570,1025,709609423933282,-0.6505494505494506,795.3824175824176,-0.335042735042735,1023.7499999999999,709609778911442,354.97816,298341dd614b757b36dfe246ef5185ba050cda58491b09b3751e648a93493e27,16380,361.306214,True,207,222
6161.73405859166,184f7271,32,-5.34542810736748,709609781139942,0.017551892551892552,True,True,184f7271,1026,709609787964774,0.05488400488400488,6162.531868131869,-0.8915140415140416,1023.7499999999999,709610142886197,354.921423,9dd66f9133a28efe0f9da0c56a7e5b81450910bc57e3bc64fd6a7a30a3511ff7,16380,361.746255,True,240,256
3.495260159729024,7686c701,33,-0.07688166077070836,709610145164150,0.0,True,True,7686c701,1025,709610151965527,-0.39951159951159954,4.073015873015873,-0.6466422466422467,1023.7499999999999,709610506936385,354.970858,434d64a5209fd9234fbee6280ad8e9952b484602ccc6ed7d9bf3908da717a477,16380,361.772235,True,12,15
3.1300300703231105,e2a8a354,34,-0.24780143975108848,709610508867202,0.0,True,True,e2a8a354,1026,709610514972084,-0.35006105006105004,3.684249084249084,-0.657020757020757,1023.7499999999999,709610869874833,354.902749,28996ed59df7c886f392e7550ea2ceee76109e77408bf01624d63d13a93ed0bb,16380,361.007631,True,13,13
4245.941816738749,22c2d808,35,-5.906629988480326,709610871767678,0.004181929181929182,True,True,22c2d808,1025,709610877949585,-0.9456043956043956,4247.145848595848,-0.5566544566544567,1023.7499999999999,709611232878734,354.929149,4e87b1b2d254fbd506fb8ceaaee1b9361edff1c92af150b11b448745bd2cc46b,16380,361.111056,True,240,256
3.526740638617928,10569dfc,36,0.08903100206491163,709611235108266,0.0,True,True,10569dfc,1026,709611241955149,-0.42765567765567764,4.013003663003663,-0.5507936507936508,1023.7499999999999,709611596905329,354.95018,d8195d06c67fcf9b254a98bc0a49b49fde519b9a997d2dcf8494a942588aa283,16380,361.797063,True,13,13
3.2994445637119627,37d3dccd,37,0.12896191309797703,709611599172451,0.0,True,True,37d3dccd,1025,709611605947268,-0.3708791208791209,4.042979242979243,-0.7784493284493285,1023.7499999999999,709611960937263,354.989995,675e33f883eac693a79d2dba5b804a4678a98c2a0efc422149276ac6c538fed6,16380,361.764812,True,13,13
566.0075605618097,6ff6cef5,38,-31.894926180271753,709611964230824,0.0,True,True,6ff6cef5,1026,709611970947892,-0.5214896214896215,567.0196581196582,-0.8603174603174604,1023.7499999999999,709612325900617,354.952725,16cb88f85c2e9d820a21968142c3480e06418fa75266a38561b1ea61f751a956,16380,361.669793,True,90,90
3.2408764969937134,42222d04,39,-0.34706226250364963,709612327826395,0.0,True,True,42222d04,1025,709612333974939,-0.22246642246642245,3.718681318681319,-0.6544566544566545,1023.7499999999999,709612688916623,354.941684,83027a08c0c8daefb1ddf1c89fbc9185ad2a54c244ec66c218e5040dc855d1e4,16380,361.090228,True,13,12
2.8806324980134503,6f2b6e1b,40,0.036103703307220375,709612690531944,0.0,True,True,6f2b6e1b,1026,709612696965387,-0.392002442002442,3.245909645909646,-0.46001221001221,1023.7499999999999,709613051965612,355.000225,f4c30ffcf7e5336df3ad1e48272d9ca1f24631ef068b5606ba068112e98deedb,16380,361.433668,True,12,12
2.9513851804144844,ab126267,41,-0.4329981526700319,709613055656273,0.0,True,True,ab126267,1025,709613062094214,-0.4402319902319902,3.4581196581196583,-0.5594017094017094,1023.7499999999999,709613416907576,354.813362,1a8a53330b96defd28fe9aae0256b505fb2b8e3c6305f31bac00e74f3d4098ca,16380,361.251303,True,13,13
3.173666876130246,2eb88df7,42,0.13917749044179598,709613418773000,0.0,True,True,2eb88df7,1026,709613425212944,-0.44126984126984126,3.825702075702076,-0.6762515262515263,1023.7499999999999,709613779913324,354.70038,31d7907247b6decab0f0efc30cb193b553ef11469e12df348da3c6163455e521,16380,361.140324,True,13,13
6417.567232315235,b66d8728,43,-7.563176210856014,709613782724784,0.010622710622710623,True,True,b66d8728,1025,709613789042909,-0.6626984126984127,6418.799023199023,-0.8902930402930402,1023.7499999999999,709614143940280,354.897371,eae327133f757d1461bf29560c192f3dc6e49e4fa8069bd39dedec863b170caf,16380,361.215496,True,240,256
3.1291623320377897,30e2f326,44,-0.33819063531184573,709614146113335,0.0,True,True,30e2f326,1026,709614153111484,-0.24584859584859584,3.620879120879121,-0.6567155067155067,1023.7499999999999,709614507915119,354.803635,a0ce7bba07ec1ccc2a169aa81f3b9a505cf8b49ec6a1984f2e8d7b9dfc2312c6,16380,361.801784,True,13,13
7778.012823427421,4a1f17f8,45,-2.482186965542528,709614509684542,0.020115995115995117,True,True,4a1f17f8,1025,709614516033985,-0.6790598290598291,7779.645177045177,-1.0822344322344322,1023.7499999999999,709614870934704,354.900719,6fa978efd75f987ef68d00bffe6a8c25216a8cd711b8c9d7bf9e885f834ac19a,16380,361.250162,True,240,256
3842.2724777007015,0d0ab4ea,46,-7.5405720985382505,709614872848669,0.003937728937728938,True,True,0d0ab4ea,1026,709614879068638,-0.6150793650793651,3843.4857142857145,-0.9137362637362637,1023.7499999999999,709615233937156,354.868518,4192064bd3fea531f39a89e68eca9dcdc30e3b6a32b22d33e851daf789c4378a,16380,361.088487,True,240,256
3.3164003572062177,7d10f392,47,-0.41449265651195105,709615235812448,0.0,True,True,7d10f392,1025,709615242109874,-0.5619047619047619,4.27997557997558,-0.8048840048840049,1023.7499999999999,709615596946051,354.836177,ba488dacc55985b28c2251ca0b7f257cb7bbebe017f9e13f57e9687f7b96cd12,16380,361.133603,True,13,13
3.267437041658653,d5b467b3,48,0.1273498154130453,709615598732005,0.0,True,True,d5b467b3,1026,709615605070989,-0.7324786324786324,4.373443223443223,-0.7546398046398046,1023.7499999999999,709615959941792,354.870803,19381792bddd9c19b657ac5c92d0403c90f348b7e3d45b9e2cff86dd2d6c5092,16380,361.209787,True,13,13
5643.058873678554,e95cecbb,49,2.2176137195687,709615962130256,0.020573870573870574,True,True,e95cecbb,1025,709615969113397,-0.5487179487179488,5645.494810744811,-1.461111111111111,1023.7499999999999,709616323964001,354.850604,aeb72b8594486eaf66d6868421cbf468cb1ae221e36bb8c91ce63a06a6ef3a49,16380,361.833745,True,240,256
7751.423387372701,e345bd6a,50,-4.4119351396747275,709616326123981,0.05570818070818071,True,True,e345bd6a,1025,709616333031169,-0.5534798534798535,7752.477350427351,-0.8646520146520147,1023.7499999999999,709616687959180,354.928011,83f57bcc15fedc54ef92da1d9edf409a5b9f48731114678a026edc86fa3bdce1,16380,361.835199,True,239,256
401.9615826725168,216d2270,51,-0.4452719769713115,709616689693286,0.0,True,True,216d2270,1025,709616696029896,-0.7913919413919414,403.03943833943833,-0.671978021978022,1023.7499999999999,709617050949953,354.920057,7239b14d422f7f7e62544af7740f79889b87ee45474e28c79d833ffc47438eec,16380,361.256667,True,221,229
3944.89021894162,a0c0b398,52,-7.6249135326509245,709617052642820,0.0,True,True,a0c0b398,1026,709617059087925,-0.6071428571428571,3946.029120879121,-0.8776556776556776,1023.7499999999999,709617413957346,354.869421,27bcc810018ebe1de6042fef8cdf9b742c830efada9b016e3bb7de97b11bf75c,16380,361.314526,True,232,235
1761.3358046010426,00de89d0,53,1.8240794574533195,709617415669350,0.007967032967032966,True,True,00de89d0,1025,709617422179658,-1.0141636141636141,1763.147741147741,-0.8851037851037851,1023.7499999999999,709617776983225,354.803567,514dc673da245378c3fc8a6e8c1ad2b9208f2b284713ad91833f5726e0178808,16380,361.313875,True,240,254
3.2842519168526496,d5064b85,54,-0.180625652779004,709617779429125,0.0,True,True,d5064b85,1026,709617786153828,-0.19865689865689865,3.6217338217338217,-0.5459096459096459,1023.7499999999999,709618140986390,354.832562,680cb810d2b2551f863ef2db94d7e7319cb74bde44a8920ad64c29dce2a73d83,16380,361.557265,True,12,12
1399.621442208924,3b59bbd1,55,-6.908612490912695,709618142568168,0.008974358974358974,True,True,3b59bbd1,1025,709618149162414,-0.7534188034188034,1400.2635531135531,-0.27289377289377287,1023.7499999999999,709618503987143,354.824729,bbde9972fa0f926af77effc83ee51ae87260615a151d1f95e3d2c1a31a4d35de,16380,361.418975,True,196,218
3.0824256143395337,62c1567f,56,-0.061279142068524146,709618506024701,0.0,True,True,62c1567f,1026,709618513165470,-0.5182539682539683,3.9762515262515263,-0.7907203907203907,1023.7499999999999,709618867994647,354.829177,41e8216f668e0400ec2a9ab90038b9779df577aa82a527a8fb065fdd2ca6c26c,16380,361.969946,True,12,12
5972.090272477828,2fffde35,57,-8.838088408547197,709618869923410,0.0039987789987789985,True,True,2fffde35,1025,709618876229752,-0.6752747252747253,5973.778937728937,-1.1102564102564103,1023.7499999999999,709619230988867,354.759115,5038ed281f9ed3bd1ccbe9dfda17cd8de92fd2bdde7a82fb3b3f30aed764aa5b,16380,361.065457,True,240,256
7545.625626765717,d73a7382,58,0.20866159916045343,709619233158936,0.016086691086691085,True,True,d73a7382,1026,709619240149210,-0.6724664224664225,7546.550305250305,-0.6873626373626374,1023.7499999999999,709619594976915,354.827705,eb123be117c718cfe2d828618376a6da9aa8a90746e8f6fe259d630768c5aabe,16380,361.817979,True,240,256
3.4441894467627066,217adc3a,59,-0.06868272628584456,709619597617814,0.0,True,True,217adc3a,1025,709619604174749,-0.4562881562881563,4.168803418803419,-0.7186202686202686,1023.7499999999999,709619958973048,354.798299,c43108332c4e4f5262feae92cd8525c0544980c698bdba632541002616294ce2,16380,361.355234,True,13,12
3.115373985667026,7aea5aca,60,0.048698618761406715,709619960679372,0.0,True,True,7aea5aca,1026,709619967138382,-0.22796092796092796,3.7757020757020756,-0.77997557997558,1023.7499999999999,709620322027864,354.889482,717f50742ef0e6096ccd0a0557ea0111390c80a27736d5456507a6bd8333f353,16380,361.348492,True,14,12
7951.139835940074,8b6958d8,61,-1.396079111033584,709620324376661,0.013431013431013432,True,True,8b6958d8,1025,709620331176466,-1.1691697191697192,7952.787667887668,-0.52997557997558,1023.7499999999999,709620685987389,354.810923,09e0235848711a42a04c3a29381f807687e5572efe73dd1d1dd810446151f0b5,16380,361.610728,True,240,256
2.950740710923861,0b42a9a3,62,-0.6300110808306157,709620688662723,0.0,True,True,0b42a9a3,1026,709620695234347,-0.3998778998778999,3.565567765567766,-0.6744810744810745,1023.7499999999999,709621049994034,354.759687,5514bcf53b8432cf635f7e93e8d6fdd81e671c0506b399a6b822ca3968008311,16380,361.331311,True,12,12
267.4060387753611,3bf85215,63,0.11228940344305631,709621051821385,0.0,True,True,3bf85215,1025,709621058181700,-0.5664835164835165,268.4798534798535,-0.8677045177045177,1023.7499999999999,709621413022480,354.84078,bee45028aae54c1b20f2b8007d3dd9ac88773d0de083ba05d310db0a351b153e,16380,361.201095,True,182,185
7847.281189809038,bc930fe1,64,1.5698661328320427,709621415157393,0.01733821733821734,True,True,bc930fe1,1026,709621422120116,-1.361965811965812,7849.387118437118,-0.500976800976801,1023.7499999999999,709621777033023,354.912907,89bc9f95cf488a1a95bc987e4024c5b26e6894e44f247a73fc4af74ac820e56b,16380,361.87563,True,240,256
4359.679123525369,1edc44d0,65,-2.3348769594559005,709621779350931,0.020909645909645908,True,True,1edc44d0,1025,709621786148261,-0.0858974358974359,4362.225641025641,-1.5934676434676434,1023.7499999999999,709622141016454,354.868193,b81f19026c0b9ef60b9cd83748b05950267542ec5c142306ba57eada00a89861,16380,361.665523,True,240,256
5.421055021833411,8e9ebe3d,66,0.39360842509424665,709622143604052,0.0,True,True,8e9ebe3d,1026,709622150139838,-0.45695970695970695,5.925091575091575,-0.5433455433455433,1023.7499999999999,709622505058607,354.918769,8a1138a4979b883920657f65783fc0ca1f3ab95e55a5ce016e62a13852a8acb6,16380,361.454555,True,18,18
725.4935878054924,a3f302b8,67,-14.985797651841875,709622507025232,0.0,True,True,a3f302b8,1025,709622514216506,-0.414041514041514,726.1412698412698,-0.6901098901098901,1023.7499999999999,709622869096752,354.880246,43858e70bdd270f0c4b209de5c90e6ac0e1831eeb2d70bc7a5a3d5d80985a5c8,16380,362.07152,True,198,196
957.1742374966642,7c38c376,68,0.0003339729740751784,709622872702323,0.0,True,True,7c38c376,1026,709622879157567,-0.5505494505494506,958.0992063492064,-0.7885836385836386,1023.7499999999999,709623234039226,354.881659,d088b0b3e88d8dd85554149253b23ad6fb05de5dd989514e158eba0c2acb4989,16380,361.336903,True,236,237
8060.420300852316,b2571ac4,69,1.763569715220169,709623235948773,0.029822954822954825,True,True,b2571ac4,1025,709623243157660,0.12307692307692308,8065.08608058608,-2.1565323565323564,1023.7499999999999,709623598035844,354.878184,13d66b20ab6f441b4171919a96c6724ea25e269efaaf4615657becdba97ada00,16380,362.087071,True,240,256
3.1756770518858435,caf0da07,70,0.24724998779773324,709623600581542,0.0,True,True,caf0da07,1026,709623607260990,-0.6089743589743589,3.9115995115995115,-0.6042124542124542,1023.7499999999999,709623962087956,354.826966,9fc09ed7f68f1aa6782c114a848f7685b1254a48ec18448977b907a6b7a998c0,16380,361.506414,True,12,12
4644.772312455554,b6622bc7,71,-7.439574550169863,709623964969860,0.0,True,True,b6622bc7,1025,709623972116510,-0.813003663003663,4646.834432234432,-1.1836996336996337,1023.7499999999999,709624327054527,354.938017,ce3d5ba33ce236a664b790fad64fd7d579b8664ece988b5ed95ffbeec257fc39,16380,362.084667,True,230,234
3.2349502952616507,5e826d13,72,-0.36186338276948476,709624328917105,0.0,True,True,5e826d13,1026,709624336077290,-0.6111721611721612,4.113553113553113,-0.7106837606837607,1023.7499999999999,709624691064190,354.9869,5b21d0212877c58f2da2b50341026f61ae34e46d60277cfb6717db7ffac2afd2,16380,362.147085,True,12,12
7290.833352490678,6a8042be,73,-6.565582949907149,709624693560155,0.015537240537240538,True,True,6a8042be,1025,709624700073548,-1.1576312576312577,7293.623443223443,-1.204151404151404,1023.7499999999999,709625055045780,354.972232,10f1fc000415592d50aec304b4ce19230a4b45c320b059d87b2a30d9902b40c5,16380,361.485625,True,240,256
3.2468845646959203,04808996,74,-0.5983948252995399,709625057131370,0.0,True,True,04808996,1026,709625064061891,-0.6313186813186813,3.963797313797314,-0.5642246642246642,1023.7499999999999,709625419066755,355.004864,cdf0afafcb361b2215199dbfbadab953c5461a13be380410b69821e1f3dbe185,16380,361.935385,True,13,12
206.36559932300776,9f733e40,75,0.011582135179444808,709625421111768,6.105006105006105e-05,True,True,9f733e40,1025,709625428083117,-0.5557387057387058,207.18919413919414,-0.7174603174603175,1023.7499999999999,709625783081018,354.997901,a8274c4dcbe53ec513b15e7ab7dcf2188955ad182015c9e32bb21673ea1392d0,16380,361.96925,True,196,199
3.540827701670193,24f033d5,76,-0.49740626834179247,709625785270293,0.0,True,True,24f033d5,1026,709625792088142,-0.4998778998778999,4.266788766788767,-0.68998778998779,1023.7499999999999,709626147063030,354.974888,0db26fe214f9fc968080cc852363607e4bc81818339a283d77026ac72ce3c114,16380,361.792737,True,13,12
2785.630053159769,258b1bb4,77,-10.847888043064271,709626149027270,0.0,True,True,258b1bb4,1025,709626156159322,-0.874969474969475,2787.26684981685,-0.9333943833943834,1023.7499999999999,709626511083605,354.924283,060044a062314675977d0586551ad2c444021e9db72aad0f29c817ea676a048b,16380,362.056335,True,240,249
5.378356430233719,c05bab15,78,-0.3188686937771772,709626513715988,0.0,True,True,c05bab15,1026,709626520145493,-0.5556776556776557,6.276129426129426,-0.7674603174603175,1023.7499999999999,709626875113408,354.967915,398e79b12f8136286e755bcd1fb44a706d6b318a48204a4552035d5e64d2b5a1,16380,361.39742,True,18,17
6811.004145172424,b96ba6e7,79,-7.908426224415226,709626877693381,0.014438339438339439,True,True,b96ba6e7,1025,709626884081148,-1.2084249084249084,6813.475946275947,-1.0057387057387057,1023.7499999999999,709627239086584,355.005436,047daeeac22e5ab41a1b3785cc99268d09b1d011497de3e27a2d5cbb03271572,16380,361.393203,True,240,256
5342.732042396622,5a6deaab,80,1.698332209701311,709627241525321,0.011538461538461539,True,True,5a6deaab,1026,709627248007415,-0.9848595848595849,5344.555189255189,-0.9236874236874237,1023.7499999999999,709627603094727,355.087312,afe51595fee4bd513174363b1b2caa9447d8193f6f59ab7e0b9a503a711ff938,16380,361.569406,True,240,256
6155.429864884809,dd3a9fe9,81,-4.955340547002282,709627605031285,0.012515262515262516,True,True,dd3a9fe9,1025,709627612046597,-1.3882783882783882,6158.182417582418,-0.9084249084249084,1023.7499999999999,709627967108771,355.062174,ca8323cc184de3b397bb8490546b2f47070f8fa0c518ee397eb85d4674711477,16380,362.077486,True,240,256
3792.1523423507037,902b45cf,82,1.660876009017954,709627969835291,0.004304029304029304,True,True,902b45cf,1026,709627977281216,-0.4749084249084249,3793.6238705738706,-1.1162393162393163,1023.7499999999999,709628332159283,354.878067,1b4b1ed18af9932b6c272969fa5e0428dc057fa43e7887c6d0b2da63492c7d57,16380,362.323992,True,240,256
3.2532081732539604,9a60b88a,83,-0.34361483967872225,709628335582149,0.0,True,True,9a60b88a,1025,709628342081556,-0.6735653235653236,4.297863247863248,-0.7687423687423688,1023.7499999999999,709628697133432,355.051876,befb74738ed987e4c080df07f6ef0e0a935ec153ed7bcc5c4526e6b917c8e2b2,16380,361.551283,True,11,13
3.443880569979471,4a6d26ac,84,0.04973377128404913,709628699722723,0.0,True,True,4a6d26ac,1026,709628705984090,-0.8305860805860806,4.814529914529914,-0.825091575091575,1023.7499999999999,709629061132809,355.148719,8013140fcc5c1ee6ffd6ba51964fbc277ad0a8244cdcb072cab14b4292bf18f5,16380,361.410086,True,12,11
10.905410779696496,cf45e9fc,85,-2.660290447372549,709629063722441,0.0,True,True,cf45e9fc,1025,709629069988737,-0.6355311355311355,12.156654456654456,-0.9205128205128205,1023.7499999999999,709629425117268,355.128531,0061a99fceaa90d15a508f8ad8b9412439418137b260112bf8298b60a4ef1ebe,16380,361.394827,True,24,24
6101.5767458267555,01932574,86,-7.4290228324831595,709629426762155,0.010622710622710623,True,True,01932574,1026,709629434012982,-1.0481684981684982,6103.819963369963,-1.0698412698412698,1023.7499999999999,709629789125242,355.11226,fd8890c2d2bb65494f54ea856ca3829a2a943061087896fd08f41844ffa12f2b,16380,362.363087,True,240,256
2.930827425864056,e6b1e172,87,0.12628162017902245,709629790975558,0.0,True,True,e6b1e172,1025,709629798039471,-0.677960927960928,4.008669108669109,-0.7862637362637362,1023.7499999999999,709630153148425,355.108954,2f555a30dea454e6f1f791d8c80b72e61bd15c0fc0bc9f3281f89fc2229da81a,16380,362.172867,True,12,11
506.79770278087136,70207c8f,88,-0.6539240674368936,709630155728840,0.0,True,True,70207c8f,1025,709630161972604,-0.5810134310134311,507.7115995115995,-0.7591575091575091,1023.7499999999999,709630517130611,355.158007,0d7ef7e958007e065dac2b40fd2ec316f60cc2a6d081553eb31a9ac7230db86d,16380,361.401771,True,222,225
3.2574643241035184,08854994,89,-0.1072216459447798,709630519234616,0.0,True,True,08854994,1025,709630526053487,-0.46642246642246643,4.135592185592186,-0.8127594627594628,1023.7499999999999,709630881183030,355.129543,8c1393d85d33f0ba529036fc32e74d51103b5d87a0d85b010318227ec126e75a,16380,361.948414,True,13,14
5493.674654213647,10987c47,90,-7.511047470484584,709630884819069,0.0,True,True,10987c47,1026,709630891986568,-0.749023199023199,5495.315995115995,-1.0393772893772895,1023.7499999999999,709631247144766,355.158198,0aa4374e2291bd970667118af60cae40a32bb59576d8be24a9f0f73551f346c6,16380,362.325697,True,220,223
3.2151468369508662,cff31b31,91,0.07713689211557946,709631250322749,0.0,True,True,cff31b31,1025,709631257012847,-0.663064713064713,4.191147741147741,-0.7323565323565323,1023.7499999999999,709631612159283,355.146436,a548e8ca6fb551d2bbaee28ec3b38a23b1f33a4b346de0fea221045e35fe9cfe,16380,361.836534,True,12,12
2366.9477227917246,f76535ce,92,-7.253743879164853,709631613882829,0.0,True,True,f76535ce,1026,709631620977060,-0.4862026862026862,2367.8580586080584,-0.8209401709401709,1023.7499999999999,709631976119419,355.142359,0879ff2af5de5064f013f6df3ab44e4e26b2bdf5e409cbf6e83bdc18bbf0342a,16380,362.23659,True,240,247
3.3384649524942565,24578f1e,93,-0.2679911611884521,709631978444802,0.0,True,True,24578f1e,1025,709631985037856,-0.5982905982905983,4.299267399267399,-0.7764346764346765,1023.7499999999999,709632340165567,355.127711,6512bf0b8d9927aead69cf674ee826702a09dfef6f95bd8d5586d440f31a4b2c,16380,361.720765,True,13,13
1530.1160759719185,987fd019,94,0.13425679330723986,709632343403494,0.005158730158730159,True,True,987fd019,1026,709632349930553,-0.19774114774114773,1530.3667887667887,-0.46001221001221,1023.7499999999999,709632705167431,355.236878,d2b5042df14f667c84822d47558838259daea1256d9ffd6fdb77e52b514e5112,16380,361.763937,True,238,254
2.9292637168827644,5d293eab,95,-0.07963078611018251,709632707233775,0.0,True,True,5d293eab,1025,709632713951264,-0.673992673992674,4.137606837606838,-0.8683760683760684,1023.7499999999999,709633069165399,355.214135,62f3c587354b3bd890839e7fab5a1f08bfb333d9e469b429b054fec92ea44e73,16380,361.931624,True,12,12
1842.1386073057317,f220de82,96,1.676651238778411,709633070797492,0.001800976800976801,True,True,f220de82,1026,709633077934434,-0.7133699633699634,1843.995115995116,-1.160866910866911,1023.7499999999999,709633433173246,355.238812,50ca389d6a9a7623f987ace2574ac6610cb70388173f26a2b038bb93d5c0326a,16380,362.375754,True,240,256
6308.40965126923,39bc0421,97,-0.9281608992120007,709633436025073,0.032722832722832725,True,True,39bc0421,1025,709633443044653,-1.1673382173382174,6310.725396825397,-0.9762515262515262,1023.7499999999999,709633798188246,355.143593,505202ecfdc3f2132c7f2897d77af85d680f6f795d46c3649691c4d5910770a8,16380,362.163173,True,240,256
3.1434626155963157,3cfae5f2,98,0.18815902381528513,709633800319341,0.0,True,True,3cfae5f2,1026,709633806989241,-0.7374847374847375,4.258302808302808,-0.7556166056166056,1023.7499999999999,709634162179291,355.19005,57e7e2ae4f0eb366087f2cf191c71298b9409899c8c3e4478b3ec791f677656e,16380,361.85995,True,13,12
3.1440488788107834,61156f63,99,0.03475520651986215,709634164721684,0.0,True,True,61156f63,1025,709634171989913,-0.568009768009768,4.047741147741148,-0.7622710622710622,1023.7499999999999,709634527184072,355.194159,f8d8182ba11f97b5a791ea7447f4780aa37744ac48d5807156d6f6f6c338032e,16380,362.462388,True,12,11
6385.125886563917,4b5285da,100,-8.19247438602572,709634528789305,0.011263736263736264,True,True,4b5285da,1026,709634536011598,-1.0253357753357752,6386.792246642247,-0.7842490842490842,1023.7499999999999,709634891215816,355.204218,5f00bd5e7c708376e2922d5da5566ecea1fb1dfadcfca3becdbc278669733e78,16380,362.426511,True,240,256
582.1188088156587,d66f3ff9,101,-1.2141305840589254,709634894129951,0.0005189255189255189,True,True,d66f3ff9,1025,709634900983978,-0.33125763125763125,582.8726495726496,-0.8025641025641026,1023.7499999999999,709635256194297,355.210319,73bd5a508c950c9d60b112738e1adb5527e802f65de1fc81af78a797a1fb6fa6,16380,362.064346,True,234,246
2.682756864963825,7f9385c5,102,-0.0003835473927084907,709635258490305,0.0,True,True,7f9385c5,1026,709635264995042,-0.6001221001221001,3.743772893772894,-0.8371794871794872,1023.7499999999999,709635620253163,355.258121,8272fcc2f36d2483073046634f3d73927a7bce452832f21c38e32a6d7eb76ab2,16380,361.762858,True,11,12
2.856622791128286,069d7ccc,103,-0.30971797263441203,709635622479979,0.0,True,True,069d7ccc,1025,709635629021706,-0.7853479853479853,4.076434676434676,-0.7765567765567766,1023.7499999999999,709635984201800,355.180094,63751032d196b112ed32e8758ed5e80f6e2daa9419e47262eababb6d3224d1fb,16380,361.721821,True,11,11
24832.9039956855,23a06a14,104,-2.7438869766903866,709635986086089,0.18345543345543344,True,True,23a06a14,1026,709635992328711,-0.7451770451770452,24835.310744810744,-1.3606837606837607,1023.7499999999999,709636348197055,355.868344,75d6368b69bb1ab7a46a1f7fc526731bac55d876d8d000ec4f5779c153e572e1,16380,362.110966,True,240,256
3.1685422043022777,9b45b713,105,0.2833428865906321,709636350346956,0.0,True,True,9b45b713,1025,709636357017607,-0.5354700854700855,4.148901098901099,-0.8328449328449329,1023.7499999999999,709636712220084,355.202477,88705a15920c4e2b89972a96d60e6c099dfe545d87e36cbb2eacc2b5af332c9d,16380,361.873128,True,13,12
6075.2414732445695,11aa5128,106,-7.233734957401786,709636713756416,0.0,True,True,11aa5128,1026,709636720308583,-1.1498778998778998,6077.589621489621,-1.0128815628815628,1023.7499999999999,709637076216652,355.908069,d0576c9d5b66a4886b1c0a9a7c7069208db7a11919caad3cc618adc89011446c,16380,362.460236,True,232,232
3.2010446194695277,149259da,107,0.13496233530636742,709637079219504,0.0,True,True,149259da,1025,709637085409998,-0.6299145299145299,4.275091575091575,-0.8229548229548229,1023.7499999999999,709637441214993,355.804995,51cfa5b9a02e0e5da0171c226388e18f114abd6834fa196f99544ee2af7aa65c,16380,361.995489,True,12,11
3.16572124422857,affa57a4,108,0.2810607704365974,709637445242722,0.0,True,True,affa57a4,1026,709637452340069,-0.5204517704517705,4.532051282051282,-1.0466422466422467,1023.7499999999999,709637808223923,355.883854,3826002ff6a1e9b29c09f157c32d351fcd0ec4a27e821e5568ce350b03db0d21,16380,362.981201,True,13,13
3.3562055448960217,3cc92713,109,0.1544425541017549,709637810218290,0.0,True,True,3cc92713,1025,709637816393736,-0.5513431013431014,4.262087912087912,-0.7758241758241758,1023.7499999999999,709638172213128,355.819392,353a1f9d2b2bbd8a93437cfe44db9fd174394b391018adb9fc7e57a52d1ed7f2,16380,361.994838,True,12,14
3.096327059861859,4a00fe51,110,-0.6756717309670056,709638174559621,0.0,True,True,4a00fe51,1026,709638180343106,-0.5951770451770452,3.9218559218559217,-0.6865079365079365,1023.7499999999999,709638536212483,355.869377,77695a982fb39f43587cae40039d9b44fb01358938b4af5508ff808e0a97ed8a,16380,361.652862,True,12,13
2683.6615693741883,4eb09f43,111,-3.2676969642836955,709638538352977,0.007264957264957265,True,True,4eb09f43,1025,709638544347360,-0.6028693528693528,2685.0188034188036,-0.9968864468864469,1023.7499999999999,709638900284336,355.936976,f5ec1c9835469de7f3ce94260270f5c246eb7959a226bd06869e91a8f24424b9,16380,361.931359,True,240,255
677.446056605855,fc36baa2,112,0.23753671685416536,709638902593628,0.0011294261294261295,True,True,fc36baa2,1026,709638909382171,-0.3473137973137973,679.0431013431014,-1.215079365079365,1023.7499999999999,709639265228486,355.846315,7de4fa093ffe5e0c835e572b51a24cca0cdad76309e2d6524ab4fc603047e3f1,16380,362.634858,True,199,212
717.2928160812867,b4182a90,113,0.09420607596313142,709639267627477,0.0,True,True,b4182a90,1025,709639274368221,-0.47246642246642245,717.919474969475,-0.6351648351648351,1023.7499999999999,709639630232089,355.863868,8dceb12239528e4ad69d1184cb394251b3c72bbd27ccdffccdb7c8a4dc9201a2,16380,362.604612,True,233,231
15.264171634904237,24a9a4ca,114,-11.567973835513602,709639632311036,0.0,True,True,24a9a4ca,1026,709639638383417,-0.6313797313797314,16.12136752136752,-0.6771672771672772,1023.7499999999999,709639994263115,355.879698,395f5716b51665cb28a4648c7ff159881d5052a1694ca2940d5ecdaf4a7381e5,16380,361.952079,True,24,23
6081.827562287462,a8c956c7,115,-5.906950441673866,709639996110905,0.003327228327228327,True,True,a8c956c7,1025,709640002338349,-0.7787545787545788,6083.742796092796,-1.144017094017094,1023.7499999999999,709640358252893,355.914544,6bd398c0897e39cd9d85efa940ec05af190c668ae0c829d273de609942d1ede6,16380,362.141988,True,240,256
103.62255378592373,9eaff87b,116,-17.985759783909263,709640361109760,0.0,True,True,9eaff87b,1026,709640367391867,-0.4815628815628816,104.23345543345543,-0.6156288156288157,1023.7499999999999,709640723258391,355.866524,cc09af34d63d269eb6053e403d4b25d3add741bd4b1ac115e3e6219825d5c72e,16380,362.148631,True,86,86
721.5581286479088,d34e4aab,117,-31.034874081666963,709640726792937,0.0,True,True,d34e4aab,1025,709640733788662,-0.6472527472527473,722.5180708180708,-0.7355311355311356,1023.7499999999999,709641089263847,355.475185,18e51b71277652e65cc43b4f76815efb560382ec95c7390978c475023963cb7c,16380,362.47091,True,197,197
2.862756313351552,3402e5ca,118,-0.1627772799372148,709641091306275,0.0,True,True,3402e5ca,1026,709641097403102,-0.4713064713064713,3.6247252747252747,-0.7347374847374848,1023.7499999999999,709641452369186,354.966084,f591c68125463547e2eacd3917ef7954b6c8431e27712dfd7c2e75f3f2f2c807,16380,361.062911,True,11,11
6459.620276216118,b258eaf1,119,2.105980296345688,709641454350679,0.022924297924297923,True,True,b258eaf1,1025,709641460461282,-0.6374236874236874,6460.1958485958485,-0.4114163614163614,1023.7499999999999,709641816250300,355.789018,1f6924d17015e2a17e26dfb97677eeb25c612579b570c5a9ea7f1492acc45e0a,16380,361.899621,True,240,256
3.0662267745143206,4d0c472e,120,0.054785949144701335,709641818116045,0.0,True,True,4d0c472e,1026,709641824429801,-0.6222832722832723,4.135347985347986,-0.8257631257631257,1023.7499999999999,709642180278222,355.848421,c6e86fe1ad7a816f9b9435498fc35868410405cc5190f9ad6dff93ecef54a947,16380,362.162177,True,13,12
3.1992764039650488,16852681,121,-0.4569863424257009,709642182792702,0.0,True,True,16852681,1025,709642189469685,-0.5518925518925519,4.123321123321123,-0.787057387057387,1023.7499999999999,709642545272510,355.802825,1580f35b9451fa29e9c34d5e017cd7f149b67ae208f4686239750573f7822600,16380,362.479808,True,12,12
15.738322200455901,de63efd8,122,-18.374361595070837,709642547264663,0.0,True,True,de63efd8,1026,709642553488600,-0.5246642246642247,16.878449328449328,-0.92997557997558,1023.7499999999999,709642909307385,355.818785,5394f0df351462e83bcbb99065d38d3186951a16b7f03960b2da6181f90bc7a0,16380,362.042722,True,24,23
6359.183345058821,0cfcf9bd,123,-7.635132275267235,709642912309697,0.01101953601953602,True,True,0cfcf9bd,1025,709642918411633,-1.0767399267399267,6362.071184371184,-1.3147130647130647,1023.7499999999999,709643273358001,354.946368,71bc702da8ab107a114792d0b125392e7fa65263b0fbdf95aa0710ab3a2a38d1,16380,361.048304,True,240,256
1221.9714662562376,3e25d54a,124,1.1104638439809225,709643275510066,0.0,True,True,3e25d54a,1026,709643281397187,-0.6578144078144078,1223.325457875458,-0.9598290598290599,1023.7499999999999,709643636427353,355.030166,3ea23d864280c856ebb18c080c0dfe685b373480785e1e004a626be3b69453b4,16380,360.917287,True,211,212
1067.95236617439,17062b8f,125,-0.41219973695782347,709643639290562,0.0,True,True,17062b8f,1025,709643645472560,-0.645909645909646,1069.1237484737485,-0.8684371184371185,1023.7499999999999,709644000380596,354.908036,43ebf1f56725265d6a06bee8176c00fd8f5140f9e5edfa4f16d52a49978b09aa,16380,361.090034,True,236,235
3.2881681105490626,e5cdea10,126,-0.06595141853926079,709644002670642,0.0,True,True,e5cdea10,1026,709644009451551,-0.6246642246642247,4.1129426129426125,-0.6592185592185592,1023.7499999999999,709644364384664,354.933113,bd23eebaeeea08f13c0b6b48b6a24886f37f9f73103e7f7f34bbe5a234a88419,16380,361.714022,True,11,12
722.8400657424922,768ca831,127,-26.218516942911286,709644366654692,0.0,True,True,768ca831,1025,709644373465398,-0.6184981684981685,723.7088522588523,-0.6973137973137973,1023.7499999999999,709644728399243,354.933845,3bf61da740bd910ff70f4fc8cde0f9ad2b93f185aa58a9b6eef2ddd3fea55d39,16380,361.744551,True,197,196
4562.376368210883,9e2d6b97,128,-7.580017386014641,709644731600801,0.006501831501831502,True,True,9e2d6b97,1026,709644738594632,-0.7730769230769231,4563.742796092796,-0.8768009768009768,1023.7499999999999,709645093367664,354.773032,198b4349d627639dc27c7ddf7f4d805d7f1e617d644eeb5c3f0acd2cf2959f60,16380,361.766863,True,240,256
994.387778262302,0f48312a,129,-0.16030294937112538,709645096143407,0.0,True,True,0f48312a,1025,709645102461532,-0.6922466422466422,995.5080586080586,-0.8006715506715507,1023.7499999999999,709645457379959,354.918427,08676870b9547d2b7d0d83a6d44fff762f944f69c64a0fc523a4f568c6593263,16380,361.236552,True,226,231
4362.488364257165,84c66f74,130,0.8661339762507819,709645458996653,0.011782661782661782,True,True,84c66f74,1026,709645465444413,-1.3031135531135531,4365.617399267399,-1.1962148962148962,1023.7499999999999,709645820398978,354.954565,66da84fa400999a9b921011c49121f54bb98ff2ffa9e8dc9289c07f4035c656d,16380,361.402325,True,240,256
935.2627552399439,af304096,131,0.028132701872837243,709645822257509,0.0,True,True,af304096,1025,709645828472259,-0.7357753357753358,936.3895604395605,-0.7651404151404151,1023.7499999999999,709646183400244,354.927985,94279d8b4b96403f0e4d0d743d88a33192c1922e52b1a3db727e89ddb9cdea9e,16380,361.142735,True,234,236
8100.539196684809,ca8ac2d1,132,1.2872113399778247,709646185724755,0.01691086691086691,True,True,ca8ac2d1,1026,709646192548986,-0.6067765567765567,8101.667826617827,-0.872039072039072,1023.7499999999999,709646547390167,354.841181,6011c157d23b81b33f1be4c46d58dbfda57c9970cfe191e0d0d4df766fc66988,16380,361.665412,True,240,256
3.203431620949936,d79906af,133,0.2989209793142077,709646549602056,0.0,True,True,d79906af,1025,709646556483375,-0.6184371184371185,4.583577533577533,-0.9988400488400488,1023.7499999999999,709646911427842,354.944467,7db28bb65e2a945c1245c84373490850cc5137fabfd3958180571d1aac6a5d4f,16380,361.825786,True,13,13
6872.9578198456675,2e839345,134,2.3894530080191165,709646914624881,0.021245421245421246,True,True,2e839345,1026,709646921502723,-0.7246642246642246,6874.60347985348,-1.0585470085470086,1023.7499999999999,709647276407305,354.904582,d3db8622e4f63b92739189a074af9375fffedd207c4be270be05ea1242d0f0c3,16380,361.782424,True,240,256
3.1425985373329697,09f5eb3c,135,-0.3094085645007955,709647278765069,0.0,True,True,09f5eb3c,1025,709647285496885,-0.6191086691086691,4.138644688644689,-0.7827838827838828,1023.7499999999999,709647640428839,354.931954,4ff69b15ff6c461c573bc383ccfe2a0953ba38fe918c8f8eb70135f7266dff93,16380,361.66377,True,13,13
3.1086454564293393,4e378e4c,136,-0.21264270619110592,709647641869421,0.0,True,True,4e378e4c,1026,709647648508081,-0.555006105006105,4.165567765567766,-0.8653846153846154,1023.7499999999999,709648003422232,354.914151,6e72ae63d8a62bbe95db7a0bec3d1920802a44c004693000901b4b962fe18ec6,16380,361.552811,True,12,11
5608.541692998699,1448170a,137,0.7803383099467314,709648005709082,0.010073260073260074,True,True,1448170a,1025,709648012716108,-0.8970695970695971,5610.4558608058605,-1.0532967032967033,1023.7499999999999,709648367456921,354.740813,580e9712ad81765940193db697e455556bf02af7b3d242da3c11a5c7c3678c41,16380,361.747839,True,240,256
1230.712798388696,9db96c6d,138,-0.19055126980935644,709648369399982,0.0017094017094017094,True,True,9db96c6d,1026,709648375503401,-0.3623931623931624,1231.8271062271062,-0.9914529914529915,1023.7499999999999,709648730428503,354.925102,ceb3f9b5b75ec7cad1913be06ec93151ca7f450bda126ea294af0f78bb84ddbb,16380,361.028521,True,240,255
9100.853169608847,5a83618d,139,0.2866966785890231,709648732675378,0.04526862026862027,True,True,5a83618d,1025,709648739508515,-2.203907203907204,9109.46043956044,-1.9365079365079365,1023.7499999999999,709649094428127,354.919612,ec873796ec449e91bd65677ee81e3529aa75570b6235a2ed7c4412f34100798a,16380,361.752749,True,240,256
4703.8230270618005,3447f671,140,-7.447249250700423,709649096277430,0.0076617826617826615,True,True,3447f671,1026,709649102490577,-0.8655067155067155,4705.090476190476,-0.71996336996337,1023.7499999999999,709649457449774,354.959197,b9365346b192def34e2c32614bf2649c79f12d427f639e3e31b01552b5c6f82a,16380,361.172344,True,240,256
4746.3015441379275,e0a4f2f0,141,-7.493257238985283,709649459945509,0.008485958485958485,True,True,e0a4f2f0,1025,709649466618213,-0.6639194139194139,4747.341208791208,-0.7738705738705739,1023.7499999999999,709649821457223,354.83901,be3fbb69c60e24876c7875ba705cbf1fb6416985112047ae8b866868bbff31d8,16380,361.511714,True,240,256
4829.354424985204,03d66b67,142,-7.01872447591406,709649823455578,0.00934065934065934,True,True,03d66b67,1026,709649830579586,-0.6291819291819292,4830.135103785104,-0.6203296703296703,1023.7499999999999,709650185462399,354.882813,28f2d0c6a4ef2a6d0a197861cb4f22995d2b58e8d0a25cdfe16e451586c33604,16380,362.006821,True,240,256
3.0917537170467577,fb770d79,143,-0.3555862417601875,709650187905153,0.0,True,True,fb770d79,1025,709650194579912,-0.7292429792429792,4.211233211233211,-0.7666056166056167,1023.7499999999999,709650549440714,354.860802,ef68eae60ca10d2be5074be02f4109fe96babb314d339f26ec82b33fe47e7f5b,16380,361.535561,True,11,13
3296.8509117778162,34e15a54,144,-4.462572734964484,709650552062256,0.02206959706959707,True,True,34e15a54,1026,709650558578686,-0.781990231990232,3297.8422466422467,-0.6163003663003663,1023.7499999999999,709650913470726,354.89204,25a86ee753092c11ee50faf9475aeb8bcc32ea9a90d51054e9b375187e22811b,16380,361.40847,True,237,251
3914.7267397403843,531aedca,145,-6.878799131111396,709650915500070,0.0005189255189255189,True,True,531aedca,1025,709650922719347,-0.7158119658119658,3915.9422466422466,-0.8385225885225885,1023.7499999999999,709651277451316,354.731969,98b17b8a591e61b1280c9e6cb23e22f08b3fcce8f3147859f26a07d8f7bbc845,16380,361.951246,True,240,250
4475.761139899309,73a40224,146,-6.6787812776218205,709651279449871,0.007020757020757021,True,True,73a40224,1026,709651286601671,-0.8703296703296703,4476.9794871794875,-0.6788766788766789,1023.7499999999999,709651641445743,354.844072,05d0f7c1e9ad87adb2f14d22053a50146730816b53e88c8a7638f18e92740323,16380,361.995872,True,240,256
3.2241502338388783,5748ed4b,147,-0.4033050590957982,709651643342175,0.0,True,True,5748ed4b,1025,709651649631856,-0.6608669108669109,4.124175824175824,-0.6806471306471307,1023.7499999999999,709652004461861,354.830005,40e71406904bcb1999d081c12e3f7045416d3e47dcd64ebbfb0763cb0f220532,16380,361.119686,True,12,12
2.9639347509768754,0eecc3ca,148,-0.5529627715679715,709652006804546,0.0,True,True,0eecc3ca,1026,709652013756429,-0.7862637362637362,3.978937728937729,-0.6299145299145299,1023.7499999999999,709652368470985,354.714556,17a899a927bc7e263fa2b97f5639530de7e1b3093b6dc4cac2ef440d81b93a6f,16380,361.666439,True,11,12
22177.7815889527,0f0ea15b,149,-5.260858302743614,709652370234377,0.15894383394383393,True,True,0f0ea15b,1025,709652376666307,0.12722832722832722,22179.18076923077,-1.176007326007326,1023.7499999999999,709652731479560,354.813253,eaa6705bba7052a084389650f6afc67674241b5a4a1c6b2557976dc895be8a45,16380,361.245183,True,240,256
3.373356046341394,6bc87aff,150,-0.3721022220554797,709652733726846,0.0,True,True,6bc87aff,1026,709652740614657,-0.5288766788766789,4.343345543345543,-0.8308302808302809,1023.7499999999999,709653095479498,354.864841,e8cbd141df6bf02377d7e8bb164741b13273009e19754f977d9fff1557feebde,16380,361.752652,True,12,11
3.237696672138064,85f848a7,151,-0.029812186594251073,709653097613950,0.0,True,True,85f848a7,1025,709653104652025,-0.6768009768009768,3.9876068376068377,-0.5402319902319902,1023.7499999999999,709653459476891,354.824866,33b644e40dd4d3ac95f80ac7a5046e15e5282c858f27d33f90f20c369000cc7c,16380,361.862941,True,12,13
3.395504788590869,3da1dd6d,152,-0.4304648913562893,709653461582409,0.0,True,True,3da1dd6d,1026,709653468623339,-0.6402930402930402,4.443040293040293,-0.7984737484737485,1023.7499999999999,709653823478433,354.855094,97a4f573aa72283068a918160004e4ddf52895844ba41f3a45e5451f7cfa434c,16380,361.896024,True,11,12
5603.533688772902,119e912f,153,-7.7978317916963125,709653825761515,0.010683760683760684,True,True,119e912f,1025,709653832608490,-1.0804029304029303,5605.733577533578,-1.0161782661782661,1023.7499999999999,709654187489873,354.881383,30d68fc9c18a8c5ac9564050a5387e27e3045c5efe3885147347243fb284073b,16380,361.728358,True,240,256
4769.317085489467,3eeed190,154,0.3620305545000502,709654189413958,0.010714285714285714,True,True,3eeed190,1026,709654196607577,-1.0481074481074482,4770.917826617827,-0.7086691086691087,1023.7499999999999,709654551504450,354.896873,d3cbe6920e43522826da9f4aa94c1b75081cee2923df67c8e2c5550df62fdbeb,16380,362.090492,True,240,256
106.6769900381805,acf63f38,155,-0.07459574727068741,709654553462148,0.0,True,True,acf63f38,1025,709654560630118,-0.6486568986568987,107.63150183150184,-0.7305860805860805,1023.7499999999999,709654915541088,354.91097,576449cd9e4c0235490c5d8430b71c385d5cad7098a775cd1af708a45b12f54b,16380,362.07894,True,165,156
3.1482336555047183,2505d616,156,0.03444822143451196,709654917880668,0.0,True,True,2505d616,1026,709654924680453,-0.4790598290598291,3.952014652014652,-0.7578144078144078,1023.7499999999999,709655279485903,354.80545,7babf434860aa269a99578cf8501fae099ad5d3d551087be38097cd922222a6d,16380,361.605235,True,13,13
3.2638372348720335,9c964033,157,0.15159960820027005,709655282168361,0.0,True,True,9c964033,1025,709655288684831,-0.5644078144078144,4.165873015873016,-0.7638583638583638,1023.7499999999999,709655643497255,354.812424,f9b318bc545e4e319885409472edaddc40bf117526cf7b6aca5473af5d18effb,16380,361.328894,True,13,12
1147.2089763082527,de374de9,158,-0.22832917612258546,709655645659009,0.00815018315018315,True,True,de374de9,1026,709655652635588,-0.7456654456654457,1148.1259462759463,-0.6007936507936508,1023.7499999999999,709656007508015,354.872427,4dd29d43f29cdef29c6875d18bec02005b7957f98acef09e08b65aa672cc0019,16380,361.849006,True,138,148
3.266725666817242,301af23a,159,0.10443041937713247,709656009866360,0.0,True,True,301af23a,1025,709656016755184,-0.5714896214896215,4.025885225885226,-0.6576923076923077,1023.7499999999999,709656371507855,354.752671,aba7d0924f663185421052233b4e17167cb3be15794385cff179d8fa34abd673,16380,361.641495,True,13,12
7103.090863850909,4fd579a7,160,-1.6550337808215574,709656373389300,0.030616605616605615,True,True,4fd579a7,1026,709656380541360,-0.07612942612942612,7103.476862026862,-0.6166056166056166,1023.7499999999999,709656735533304,354.991944,fa6f48f6cec583032e4b375826060ea0ad322ad92c895879323ce57f5ee48c7b,16380,362.144004,True,240,256
3.2821401363525906,0d5a5ab2,161,0.07488856521509808,709656738085436,0.0,True,True,0d5a5ab2,1025,709656744881874,-0.47985347985347987,4.013919413919414,-0.7081807081807082,1023.7499999999999,709657099522595,354.640721,d9d420dcabeddae38387904405a71e22e2cc42051341b1e1901a48692da8b032,16380,361.437159,True,11,13
3.205548921299837,6932edd2,162,0.050547100860315164,709657101197539,0.0,True,True,6932edd2,1026,709657107562172,-0.6688644688644688,4.144810744810745,-0.7013431013431013,1023.7499999999999,709657462524211,354.962039,351bd6b6c0430b29008ce34a122270da39a69e6f5c81d80648d9e3c7497131a3,16380,361.326672,True,13,12
5137.8011795483035,28119ef2,163,0.6343606835555575,709657464872867,0.011477411477411478,True,True,28119ef2,1025,709657471605496,-0.8882173382173382,5139.373626373626,-0.8851648351648351,1023.7499999999999,709657826540403,354.934907,e15f175a14be2545570e484a1fcb4ee3ab3d5c835256929fe432c35904459e65,16380,361.667536,True,240,256
3592.4140000238535,f20e0dae,164,-6.615397151589698,709657828696396,0.0,True,True,f20e0dae,1026,709657835509396,-0.3213675213675214,3593.63199023199,-1.0557997557997558,1023.7499999999999,709658190535956,355.02656,bb1382c604355bf704332d624e5d851d9e777d19359b614efafb929d5a664e78,16380,361.83956,True,238,243
5894.648436846358,056dac08,165,-7.182987119714781,709658193129666,0.010683760683760684,True,True,056dac08,1025,709658199576274,-0.22686202686202686,5895.211416361416,-0.7152014652014652,1023.7499999999999,709658554515820,354.939546,224e5f2d4b436c5544d4b1d543b7ce5f3dafe380ddfae544a2af308c13b39532,16380,361.386154,True,240,256
4827.230086595673,5b5dde6c,166,-6.960792456641523,709658556299249,0.00811965811965812,True,True,5b5dde6c,1026,709658563525380,-0.41593406593406596,4828.828327228327,-1.1938339438339438,1023.7499999999999,709658918570877,355.045497,ccfaaef367b3f859cfaf0da2c70a9e7042350942ad6146031a128db6932b3cf0,16380,362.271628,True,240,256
3.2534166230594805,b2701aad,167,-0.137478623671072,709658920791792,0.0,True,True,b2701aad,1025,709658927544789,-0.43956043956043955,3.806410256410256,-0.5998168498168498,1023.7499999999999,709659282577682,355.032893,53d4f6cefbc4b675ce16f25d79648aef5c4800c51964a90caf26ffc230acee16,16380,361.78589,True,12,11
9263.859737812723,ec023239,168,1.7087166560950937,709659285782837,0.0307997557997558,True,True,ec023239,1026,709659292543949,-1.192979242979243,9265.335042735043,-0.22826617826617826,1023.7499999999999,709659647587503,355.043554,86790cf654246b1c8877a94a7d09b045ff89edb3ed83bb93d6a3e384019b222a,16380,361.804666,True,240,256
3.178670297617184,1ab458cf,169,0.2279561644393968,709659649780355,0.0,True,True,1ab458cf,1025,709659656565503,-0.41288156288156286,3.986019536019536,-0.7980463980463981,1023.7499999999999,709660011556307,354.990804,bb95fa869014d2037b178cddf20d43945796be1f430e3c6f23f066a657449679,16380,361.775952,True,13,13
975.323179191247,0a3eb55f,170,-0.856748064647752,709660013194602,3.0525030525030525e-05,True,True,0a3eb55f,1026,709660019601515,-0.5588522588522589,976.0746642246643,-0.6626984126984127,1023.7499999999999,709660374582582,354.981067,f09f9d8335520b5b15a16dce4c7753b0d66e7e9d2cd920086e1bcba38db969f3,16380,361.38798,True,233,236
6039.915219750402,3033298f,171,-7.1279940639242785,709660376723816,0.010195360195360196,True,True,3033298f,1025,709660383500368,-0.8977411477411478,6042.348107448108,-1.2755189255189254,1023.7499999999999,709660738557488,355.05712,58449fdfb5e3fddee88490acb64355ab2e122af1179d1c3ef00dbe0369bb7475,16380,361.833672,True,240,256
2174.403428728713,baaffc12,172,-7.356523440938247,709660741043625,0.0003663003663003663,True,True,baaffc12,1026,709660747559113,-0.5864468864468865,2175.609706959707,-0.9286324786324787,1023.7499999999999,709661102599391,355.040278,fecb0b3a9027fe67b7dbcd08b4a094da9e3ec8677ff108f91d9e8a2c57d6a40b,16380,361.555766,True,228,237
5256.86183137511,b0b81699,173,1.7942762555268668,709661104985118,0.010683760683760684,True,True,b0b81699,1025,709661111498983,-0.9584249084249085,5258.542246642247,-0.8728327228327228,1023.7499999999999,709661466588936,355.089953,d08ec07e5f359bed701824a7e8d6dae89e982710876922196699d0b36e84537d,16380,361.603818,True,240,256
4147.698193898423,bb65cfa5,174,-7.360106026058424,709661468723258,0.0,True,True,bb65cfa5,1026,709661475507263,-1.0123321123321123,4150.089682539682,-1.1690476190476191,1023.7499999999999,709661830597317,355.090054,827b2b2aa389ea4da535f055b6ac01620edea97d3d82c0b53f76f4971012e647,16380,361.874059,True,237,238
5841.693244147319,19fc2497,175,1.5348072333682825,709661833182070,0.012057387057387058,True,True,19fc2497,1025,709661839460610,-0.7023809523809523,5843.3163003663,-1.0628815628815629,1023.7499999999999,709662194586581,355.125971,840b7f143d06b6b89cbe343c4343f1af62ce9da7ae6f20c0cd2250b0ef6eb031,16380,361.404511,True,240,256
3.451208455768896,e70ec133,176,-0.45638373339926686,709662196341496,0.0,True,True,e70ec133,1026,709662203485442,-0.6250915750915751,4.597191697191697,-0.8690476190476191,1023.7499999999999,709662558586276,355.100834,e23ceec53219193f72d5171a96253f39627d6498e36e6babbca2cce7968cdbed,16380,362.24478,True,13,13
1071.8155308075452,583b33ac,177,0.12152760492176187,709662560266200,0.0,True,True,583b33ac,1025,709662567529290,-0.6101343101343102,1072.7599511599512,-0.7564102564102564,1023.7499999999999,709662922639472,355.110182,e8105343750e2405cd756e509214738f62ea0e5ec6464935233a7ac4dc6a8760,16380,362.373272,True,237,238
2.8836932305247323,2c85a5bb,178,-0.386295425365003,709662925066056,0.0,True,True,2c85a5bb,1026,709662931459564,-0.8068986568986569,4.119658119658119,-0.7647741147741147,1023.7499999999999,709663286622957,355.163393,38539404788dfb518ab7c111b8440dd38d457a0d1080f2188a112169c955f85f,16380,361.556901,True,11,11
6637.541639436401,56443d46,179,1.8049328028716607,709663288734035,0.013125763125763126,True,True,56443d46,1025,709663295455251,-0.9716727716727717,6639.771062271062,-1.1336996336996337,1023.7499999999999,709663650620068,355.164817,476c74867579266d9379ee7849c1ca64d77d2073b7162d7c50fa00df33392a39,16380,361.886033,True,240,256
3.289727052556723,ec9dcd2e,180,-0.31698881345569085,709663652348212,0.0,True,True,ec9dcd2e,1026,709663659467361,-0.5802197802197803,4.2826007326007325,-0.8100732600732601,1023.7499999999999,709664014626787,355.159426,b4c065700ed1f4bb7e371133613dd4988edffb31d9e59249dbdb7c8ee7d60803,16380,362.278575,True,12,13
3.551188992800714,3ce2cf37,181,0.1733769697646913,709664017109417,0.0,True,True,3ce2cf37,1025,709664023565382,-0.599023199023199,4.410500610500611,-0.7074481074481075,1023.7499999999999,709664378657912,355.09253,50b0b09af94fc54a55c0b5bcc33196a96ec0529b45e18ae44a5596f9f5859846,16380,361.548495,True,13,12
415.10729328330063,a8ddf17d,182,-6.565923469435208,709664382389401,0.0010683760683760685,True,True,a8ddf17d,1026,709664389529449,-0.6943833943833944,416.1340659340659,-0.737973137973138,1023.7499999999999,709664744611269,355.08182,6312f96fb86f8d6e33c38cfc88ec0f651c51be4a854232aa30ea35bbed8f3c56,16380,362.221868,True,178,194
3.311666446767179,2fd2008d,183,-0.11744902940029645,709664746935109,0.0,True,True,2fd2008d,1025,709664753544855,-0.948046398046398,4.685531135531136,-0.6892551892551892,1023.7499999999999,709665108630413,355.085558,712607bc4b84f1374274c00888fbd9b94d1d2e51553e6ea48511fd6a3e2c4b14,16380,361.695304,True,12,12
3.3143421278219813,dd5e9215,184,-0.00033418800227712745,709665110385598,0.0,True,True,dd5e9215,1026,709665117406611,-0.7559218559218559,4.534188034188034,-0.8052503052503053,1023.7499999999999,709665472655377,355.248766,cbc15f026a4df874db3c3aa08f0351ac4df865e4883f100e4d118d70c151d8df,16380,362.269779,True,12,12
5051.319032792605,761e86e7,185,-7.362425107878041,709665476234248,0.004792429792429793,True,True,761e86e7,1025,709665483597718,-1.0587912087912088,5052.725885225886,-0.5346153846153846,1023.7499999999999,709665838655624,355.057906,f5034cc6030d2e441dda9705d77230108e1216533b6a85f2857adcbd0e70ed0d,16380,362.421376,True,240,256
4.250228035768329,d909668d,186,0.07234065693548955,709665840934689,0.0,True,True,d909668d,1026,709665847483751,-0.5733211233211233,5.157936507936508,-0.7609279609279609,1023.7499999999999,709666202741854,355.258103,9278a7ec1f4aeeee6dd032df624f8fa80c1b24319c56e14355e18d5dad35d66b,16380,361.807165,True,21,19
2757.4290743796973,aafe48e5,187,0.12936904084452922,709666207095158,0.00347985347985348,True,True,aafe48e5,1025,709666213504516,-0.2914529914529915,2758.7310134310133,-1.1031746031746033,1023.7499999999999,709666568697808,355.193292,fdbbe464cda52715f0f654c96eef1267a049533f025933b89492d3e07b11200d,16380,361.60265,True,240,256
96.72279240295724,8f1b1eaf,188,-20.301635070571283,709666571605401,0.0,True,True,8f1b1eaf,1026,709666578453327,-0.8921245421245422,98.52197802197803,-1.0016483516483516,1023.7499999999999,709666933680293,355.226966,ca0a4820c7057dcb774f09448338fb3be073d6140505912d025e96960ac1a207,16380,362.074892,True,82,81
14.130647033742273,6b23049d,189,6.746934219062996,709666936122266,0.0,True,True,6b23049d,1025,709666942585365,-0.6156898656898657,15.118559218559218,-0.7802808302808303,1023.7499999999999,709667297648221,355.062856,88baa7243b1d5b4d371c71c4aacef09ad022cfdab3627efda41755703e26b0a2,16380,361.525955,True,31,31
3.4636604617740145,890c35b7,190,0.1014016431400349,709667299603525,0.0,True,True,890c35b7,1026,709667306497678,-0.6497557997557998,4.443956043956044,-0.7470695970695971,1023.7499999999999,709667661674330,355.176652,f146474cbb81afc04af78d656b3ec0ca26f00877e4b844e22053536d6816db60,16380,362.070805,True,13,13
5.424119820621652,bb50d97c,191,-0.22139840877382888,709667663662856,0.0,True,True,bb50d97c,1025,709667670499731,-0.8285103785103786,6.471062271062271,-0.6004273504273504,1023.7499999999999,709668025673407,355.173676,dfe8babc9aad5e552306e9bee95f363af289a7405904dcca5814b42cfbc688cb,16380,362.010551,True,20,18
718.6540824078919,6b6358b4,192,-34.91784676685382,709668027993490,0.0,True,True,6b6358b4,1026,709668034507926,-0.6357753357753357,719.7092796092796,-0.8068376068376069,1023.7499999999999,709668389675461,355.167535,212ac6e7572345c0de2b232e51e5a26e47338f2558a1de15d6dba689ac64bd2f,16380,361.681971,True,194,195
5345.021638597802,b59b57a0,193,-0.8195455252625152,709668393206351,0.02557997557997558,True,True,b59b57a0,1025,709668400706620,0.061843711843711846,5346.613247863248,-1.26007326007326,1023.7499999999999,709668756709152,356.002532,ed6d6acc1bfe5a0f435245f62d066bf8c7e9510696eaef6f46ede438932252ee,16380,363.502801,True,240,256
3.136810242396323,a685e9c7,194,-0.15838996302245661,709668760248859,0.0,True,True,a685e9c7,1026,709668767713530,-0.6134920634920635,4.210989010989011,-0.8353479853479854,1023.7499999999999,709669122679655,354.966125,e68b301f5ae6e78815b31180a389ffe8ae54fdb12f3a75af4a6eb635dbdc75a0,16380,362.430796,True,12,11
3.200993677330674,18719387,195,-0.5752267691938735,709669125118121,0.0,True,True,18719387,1025,709669131532438,-0.6444444444444445,4.295970695970696,-0.8244200244200244,1023.7499999999999,709669486676419,355.143981,ac3203533cc8483c62d1d4b47574bf3f48a247d9239a752dcd92b69de3652478,16380,361.558298,True,12,12
3.30543309390379,71389498,196,0.010977446565044381,709669488372373,0.0,True,True,71389498,1026,709669495466053,-0.6148351648351649,4.37039072039072,-0.8288156288156289,1023.7499999999999,709669850753356,355.287303,c2c74544643c0145d9d3d59e294887f9775a9fe57b2123cdcd56aab76b554894,16380,362.380983,True,14,13
5043.897241204393,95af7250,197,1.5194282934494203,709669853898447,0.011233211233211233,True,True,95af7250,1025,709669859794615,-1.1342490842490842,5046.361477411478,-1.0852258852258851,1023.7499999999999,709670215682792,355.888177,ec1f09e2defc6c003ffdf3989eaa05561e887b0e7308183ef0f2b0c253205c57,16380,361.784345,True,240,256
2063.304713675959,18c04f67,198,-7.096232965774468,709670218404404,0.0,True,True,18c04f67,1026,709670224828810,-0.7617826617826617,2064.68778998779,-0.895970695970696,1023.7499999999999,709670580763425,355.934615,48b96d3e26d79e032d59b63da41b48f3bba753a58ea056f5a9b3d57e554a53df,16380,362.359021,True,225,227
3.2968146441131787,7aef682d,199,0.017718895913091167,709670588208910,0.0,True,True,7aef682d,1025,709670594871306,-0.7918803418803418,4.62057387057387,-0.8346764346764347,1023.7499999999999,709670950761758,355.890452,76c1e88fc9c439c4c58a9956e64ac93c9d0272f43c50fe5d2a0a72ba43f4e674,16380,362.552848,True,13,11
5816.781946457085,06f23c50,200,-0.6135579973498508,709670954348714,0.02912087912087912,True,True,06f23c50,1026,709670960917634,-1.0315018315018316,5819.609584859585,-1.328021978021978,1023.7499999999999,709671316704110,355.786476,03e11375fe14be15c2987e931ccc35b637a35e721cc67d1a6a94249dfa0a2a23,16380,362.355396,True,240,256
1176.4458085592337,0cc034d5,201,-4.858049656864895,709671319735626,0.0,True,True,0cc034d5,1025,709671325849005,-0.7699023199023199,1177.384126984127,-0.5878510378510379,1023.7499999999999,709671681712607,355.863602,6de1de2d8ca949ba8f4d9cc7711c6cdfab980b55d82287e49247018e4581b192,16380,361.976981,True,223,226
7384.467983540337,bd9ead65,202,-5.373535089735933,709671683637193,0.011996336996336997,True,True,bd9ead65,1026,709671689855149,-0.881013431013431,7386.150732600732,-0.9521367521367521,1023.7499999999999,709672045689125,355.833976,b5d4b73aba5c3cd07a592bcfffb2668bf42c21c9594401afba49641dea8ff421,16380,362.051932,True,240,256
3.4597025989883132,f494f27e,203,-0.44660398278282487,709672047541464,0.0,True,True,f494f27e,1025,709672053823472,-0.6851648351648352,4.449084249084249,-0.721062271062271,1023.7499999999999,709672409763819,355.940347,983769fc9129f0e13b3449c89dffccffd2a9335ea24fdbd53117a9a00e8f95c1,16380,362.222355,True,13,13
3.310795108093643,b8c2c79e,204,-0.031089711906869148,709672412926364,0.0,True,True,b8c2c79e,1026,709672418956555,-0.6894383394383394,4.380280830280831,-0.7708180708180709,1023.7499999999999,709672774791845,355.83529,af564b54c6bd8d2477a30896088fdc1001c5d1cd913bc97dca72f9eb469d30da,16380,361.865481,True,11,13
3.315239015834254,ee2eeba6,205,-0.09577061562356819,709672779110843,0.0,True,True,ee2eeba6,1025,709672785907854,-0.47515262515262513,3.8292429792429794,-0.5368742368742369,1023.7499999999999,709673141729197,355.821343,98d7eeeb1127837843f8e82f38ce4fc23cef3387f8c8d5bce21d62bf80d90767,16380,362.618354,True,13,12
3.4975429213982325,c191d3d3,206,-0.42613628273323945,709673144056333,0.0,True,True,c191d3d3,1026,709673149922915,-0.5802197802197803,4.291514041514041,-0.6762515262515263,1023.7499999999999,709673505739841,355.816926,ca5bd469a83a1547fabd2be2654d34ed3996f2302e3656df8da4e6a7bbfd1f5c,16380,361.683508,True,12,14
3.2374003557153745,1168e995,207,-0.6899735038574419,709673508762280,0.0,True,True,1168e995,1025,709673514939660,-0.6885225885225885,3.982905982905983,-0.521001221001221,1023.7499999999999,709673870777785,355.838125,4fb3399e3588e4127b56d9374ae352d523b2a67405d15cf978be17e0880e871b,16380,362.015505,True,12,13
12170.529404899808,bb51531b,208,-5.014656239110292,709673873379300,0.08742368742368742,True,True,bb51531b,1026,709673879852969,-0.20244200244200244,12171.204151404152,-0.796092796092796,1023.7499999999999,709674235740808,355.887839,c2ac9ac1ef0c0854f2d2989377c637478f49c0c94b97f0bd79e518c9abbe1a08,16380,362.361508,True,239,256
3.6356813194267406,69ca375a,209,0.15175956116730888,709674237771274,0.0,True,True,69ca375a,1025,709674243885915,-0.7514652014652015,4.465750915750916,-0.5151404151404151,1023.7499999999999,709674599762224,355.876309,a78f350d98dbbce1e31d9c9cfe6b2e8dad9ad6a7d9b0909cb075e489e3f0499c,16380,361.99095,True,13,12
4605.0549838988845,9b00cc8e,210,-7.22212982203885,709674602363828,0.0,True,True,9b00cc8e,1026,709674608905636,-0.860989010989011,4606.7169719169715,-0.9595238095238096,1023.7499999999999,709674963843532,354.937896,4a96992e653bacdb8e3f942755656decba65ba38b6277f8095cdd674931bb9d2,16380,361.479704,True,238,242
3.25427626233487,eb48dd3c,211,-0.312045290367831,709674966514698,0.0,True,True,eb48dd3c,1025,709674972920689,-0.550915750915751,4.065201465201465,-0.7123321123321124,1023.7499999999999,709675328792470,355.871781,508a770a93238d589cae3bd1afbf3946f837a404bec56d67c764f7e05fcd6567,16380,362.277772,True,12,12
6161.584876841379,10b23ec0,212,-6.867454642874636,709675331384476,0.011233211233211233,True,True,10b23ec0,1026,709675338041682,-0.9904151404151404,6163.516483516483,-0.975030525030525,1023.7499999999999,709675693771555,355.729873,d3df5330e66d2c76289b2cf8945d5d525b2bc2b1b87ddec99f0b439d311a3320,16380,362.387079,True,240,256
3.5226692778799005,875e9f15,213,-0.4148719583068316,709675696457368,0.0,True,True,875e9f15,1025,709675702935456,-0.8068986568986569,4.647313797313798,-0.6881562881562882,1023.7499999999999,709676057841042,354.905586,2f524e64dea4cd47c668b649918c42861347255443b50f25c4df8b87eb1e56a9,16380,361.383674,True,14,12
242.7336687732292,6ba9b336,214,-0.04650499014351676,709676060092845,0.0,True,True,6ba9b336,1026,709676066894875,-0.5095238095238095,243.43626373626373,-0.6655677655677655,1023.7499999999999,709676421863510,354.968635,d662cd7a683655a5c2ea705ee7dc243e6133f2a3616c46c22e41bf9cab8169e6,16380,361.770665,True,202,198
6680.700332420937,07d61c33,215,-7.892369570435419,709676424137646,0.012942612942612943,True,True,07d61c33,1025,709676430878320,-0.28516483516483515,6681.8152625152625,-1.0166666666666666,1023.7499999999999,709676785910435,355.032115,81b038aad2f3bd475bd916be109de151ce46258e97de5251a0047221ede2ced8,16380,361.772789,True,240,256
3.277846043523699,7737e093,216,-0.09967995175683454,709676789744267,0.0,True,True,7737e093,1026,709676795896990,-0.5927960927960928,4.069474969474969,-0.6634920634920635,1023.7499999999999,709677150838715,354.941725,044b612a5c30372653590542be000121993486ef26e2924e8d977a40124df073,16380,361.094448,True,12,13
4893.757008711001,ef7a73fa,217,-7.109083868511464,709677152964982,0.015445665445665446,True,True,ef7a73fa,1025,709677158921724,-1.2665445665445665,4896.55347985348,-1.0919413919413918,1023.7499999999999,709677513874140,354.952416,d71d81197698706cba8f26b2059eb96abf4fc29082b42617c493672916c4b668,16380,360.909158,True,240,256
3.4675208569073037,b3c06944,218,0.17995988621190773,709677515853699,0.0,True,True,b3c06944,1026,709677521907986,-0.5011599511599512,4.232905982905983,-0.7170940170940171,1023.7499999999999,709677876848018,354.940032,da671bcfdd9e8ffd298a4a524632ca9562a2b5491da4842cc6345e0cefbec1a5,16380,360.994319,True,14,13
9248.032230835575,28bb1f68,219,-1.6420861753317455,709677878924130,0.034004884004884,True,True,28bb1f68,1025,709677884940916,-0.45012210012210013,9248.243406593407,-0.09255189255189256,1023.7499999999999,709678239860941,354.920025,b6ace939163d608cee2cea67ad0e20bfc4073a611199bcaefc53b6b87ccfd42f,16380,360.936811,True,240,256
