ac_power_codes_squared,actual_crc32,bandwidth_mhz,capture_index,command_start_ns,component_endpoint_fraction,crc_ok,expected_crc32,firmware_capture_us,frequency_mhz,gain,header_received_ns,mean_i,mean_power_codes_squared,mean_q,nominal_rf_window_us,payload_received_ns,payload_transfer_ms,phase,private_payload_sha256,returned_samples,round_trip_ms,sample_count_ok,unique_i_codes,unique_q_codes
10654.983713256286,7bb880fa,12,0,702238619753064,0.0014041514041514042,True,7bb880fa,1033,2401,hardware,702238627623761,5.58064713064713,11472.412759462759,-28.04078144078144,1023.7499999999999,702239071868916,444.245155,source_off_before,0e910e79ce3ee851ff5f48941129429127fd6c89b316da1931e616f31bc05338,16380,452.115852,True,384,489
7127.995268937073,f0ce81bb,12,1,702239182109042,0.0,True,f0ce81bb,1025,2401,hardware,702239188917922,-3.6434676434676434,9043.438766788768,-43.61385836385836,1023.7499999999999,702239632882366,443.964444,source_off_before,6ef6f395f889662eb85c1f8f31657c01f9fb3644cb7538311bd6f79d8d0ac3e9,16380,450.773324,True,302,432
7234.544294577353,a38e37e0,12,2,702239637121439,0.0,True,a38e37e0,1025,2401,hardware,702239644030298,6.892490842490843,9286.755677655678,-44.773931623931624,1023.7499999999999,702240087876979,443.846681,source_off_before,2214ca4615cccf79c12911b4fcd3ca7c4839cd6501790eb4d46ac6dc972f4601,16380,450.75554,True,297,435
7316.620831961757,446ca049,12,3,702240211069168,0.0,True,446ca049,1025,2401,hardware,702240217893848,8.367338217338217,8933.494566544567,-39.33015873015873,1023.7499999999999,702240661875273,443.981425,source_off_before,54d8fbef074201ea1232e0780e0239213cf2d32111852715705ec74dbdae137d,16380,450.806105,True,289,428
12052.901258611486,718b7c0a,12,4,702240663869953,0.0,True,718b7c0a,1025,2401,hardware,702240670933645,-1.9926739926739927,12211.497741147741,-12.434859584859584,1023.7499999999999,702241114968983,444.035338,source_off_before,02900641dd973e99ba6a7c96a19cd5c31c73a9e394352e57dc7c44072611528d,16380,451.09903,True,313,487
30828.347973473414,f7331cfb,12,5,702241117903880,0.00637973137973138,True,f7331cfb,1025,2401,hardware,702241124948967,-1.4877289377289378,30851.66910866911,-4.594322344322344,1023.7499999999999,702241568873905,443.924938,source_off_before,91ee14a7b77a90af92e89471209eaab661ca4937772b264bedcbd9989df829f3,16380,450.970025,True,567,753
16629.656305774337,016a3cc3,12,6,702241570374722,0.001984126984126984,True,016a3cc3,1025,2401,hardware,702241577928160,1.0156898656898656,16724.820573870573,-9.702197802197801,1023.7499999999999,702242021936596,444.008436,source_off_before,aba7974cd32cfba3caaf5ffe3feab369be34b4536733c258856041e449805054,16380,451.561874,True,430,528
6746.074518550571,51f0936b,12,7,702242024788376,0.0,True,51f0936b,1025,2401,hardware,702242031963448,12.364529914529914,8349.728876678877,-38.08901098901099,1023.7499999999999,702242475888216,443.924768,source_off_before,a64b90123519e1aef80f7ca2fddaefb9b0c699bae54e70a1785bd30a5c74c572,16380,451.09984,True,315,438
11641.49591454706,18621b9b,12,8,702242477811411,0.0020451770451770453,True,18621b9b,1025,2401,hardware,702242485016010,11.811843711843713,12541.43827838828,-27.575763125763125,1023.7499999999999,702242928899008,443.882998,source_off_before,9d9b21905bb839c6a2b85813d60fffce882277a1f0d8961fec1ec6fca56c12ed,16380,451.087597,True,393,497
23903.178492425024,539f9b56,12,9,702242930385237,0.0035103785103785105,True,539f9b56,1025,2401,hardware,702242937971978,0.5046398046398046,24372.00763125763,-21.646581196581195,1023.7499999999999,702243381886967,443.914989,source_off_before,29d0718e1eeec5a24d3dd968de4ec8d383386b0f9ecbf5200e26a7d0cdf52a1e,16380,451.50173,True,512,648
6142.1833115968275,23f7c7d2,12,10,702243383427930,0.0,True,23f7c7d2,1025,2401,hardware,702243391026793,3.6633699633699632,8342.41636141636,-46.76336996336996,1023.7499999999999,702243834910824,443.884031,source_off_before,1a5a6c1246b12af8f284c74ec593988768074a83d097895d434a4008a6a62d3d,16380,451.482894,True,293,419
12699.425322532914,747fe7bb,12,11,702243836982399,0.00231990231990232,True,747fe7bb,1025,2401,hardware,702243844025913,2.1738095238095236,14699.41459096459,-44.66837606837607,1023.7499999999999,702244287910163,443.88425,source_off_before,daa6fcd1f93d24d7c0ad2aed4df38c4d565bf17027681cc9fb51bc0e1794e2b5,16380,450.927764,True,405,484
923.2048836098104,bef22049,12,12,702244289582424,0.0,True,bef22049,1025,2401,hardware,702244297044559,5.8708791208791204,1396.2881562881562,-20.943162393162392,1023.7499999999999,702244740936154,443.891595,source_off_before,bb8bdb6ec32d61cd72429cc3a151bb7e497f5cc435b1a7a0989ff27d6d831f86,16380,451.35373,True,99,154
6461.4236800850085,a8edb2e4,12,13,702244745324659,0.0,True,a8edb2e4,1025,2401,hardware,702244753121246,10.312881562881563,8254.280402930402,-41.067032967032965,1023.7499999999999,702245196936235,443.814989,source_off_before,c0ed4d48b74d4eb76f8576492b7de4cc2179ed569b09cfeb0f02263009553af3,16380,451.611576,True,301,435
20708.816654262846,d7b96ef0,12,14,702245198960572,0.0007936507936507937,True,d7b96ef0,1025,2401,hardware,702245206045634,4.584371184371184,20904.082783882783,-13.2003663003663,1023.7499999999999,702245649958458,443.912824,source_off_before,9cd2173b523daa0034f72dd191ecbe9997c636d13f5b99cba2c037d776614c89,16380,450.997886,True,626,799
2603.4400648479864,87158f3b,12,15,702245652364726,0.0,True,87158f3b,1025,2401,hardware,702245660055814,-1.6485347985347985,2633.165995115995,-5.196947496947497,1023.7499999999999,702246103951435,443.895621,source_off_before,13ac726f06731db18cd256a072957b08f72032d1dbc942386a459366545c520a,16380,451.586709,True,345,462
8466.564637642918,55e1161f,12,16,702246106369376,0.0003663003663003663,True,55e1161f,1025,2401,hardware,702246114060884,4.487789987789988,9918.592673992674,-37.84029304029304,1023.7499999999999,702246557959551,443.898667,source_off_before,03afa24e21b84238172b1562f68d8d6b33fe40118cd38f0e9077970787cf6c9b,16380,451.590175,True,418,507
6141.416104152597,87dde9a6,12,17,702246560800822,0.0,True,87dde9a6,1025,2401,hardware,702246568044584,0.8498778998778999,7557.799694749695,-37.62527472527473,1023.7499999999999,702247011956466,443.911882,source_off_before,45b6507d2abf161921a2b204ce42a881959c68fafd8439011ef71844381529d8,16380,451.155644,True,302,440
6632.584387755102,f0f7a41a,12,18,702247014039884,0.0,True,f0f7a41a,1025,2401,hardware,702247021131649,7.207875457875458,8878.911233211233,-46.844139194139196,1023.7499999999999,702247464819788,443.688139,source_off_before,c401e8abd3469f18ea2b0e9039c6a76554ab4d784df6e487d5fccf2820db8686,16380,450.779904,True,275,403
10145.254441712475,d1af85fa,12,19,702247466851829,0.0,True,d1af85fa,1025,2401,hardware,702247474102404,-0.10946275946275946,10196.103846153846,-7.1300366300366305,1023.7499999999999,702247917957358,443.854954,source_off_before,9f1be4926bc204dda19846cb3a7103737d9d1e9992d06bef1b68404ed0ba460b,16380,451.105529,True,350,488
6547.288992364643,8e85a736,12,20,702247919986022,0.0,True,8e85a736,1025,2401,hardware,702247927113144,12.565995115995117,8384.171367521367,-40.97533577533577,1023.7499999999999,702248370949963,443.836819,source_off_before,6e3806a9ce1c5ab511925ad22bb6f3a8f493410f90495c1ee6fef82ea6308eac,16380,450.963941,True,267,393
6405.552234011071,42e256b0,12,21,702248372980151,0.0,True,42e256b0,1025,2401,hardware,702248380095500,7.175702075702076,8864.62264957265,-49.067094017094014,1023.7499999999999,702248823873568,443.778068,source_off_before,22db2d518f04d0d049374b86328b5b2d4c240f88e9746f7e00691438c6e4081c,16380,450.893417,True,277,407
6618.75864762188,48c75102,12,22,702248826221236,0.0,True,48c75102,1025,2401,hardware,702248833098495,5.762942612942613,9031.992246642247,-48.78547008547009,1023.7499999999999,702249277019263,443.920768,source_off_before,6a2911b80d8feb201a13b77f86e6d3921e416cd4d7412b6ac9d7454fef5bb846,16380,450.798027,True,294,453
4659.305618834428,bf9e0836,12,23,702249279630529,0.0,True,bf9e0836,1025,2401,hardware,702249288142929,8.434004884004883,6268.337118437118,-39.21605616605616,1023.7499999999999,702249730987924,442.844995,source_off_before,3d3f3c5ac8cb58c68e430fca2c0eefe8aaf9d71321ee0eabd890ab61b03a40dd,16380,451.357395,True,235,360
6801.719168150056,10e15f83,12,24,702249733206838,0.0,True,10e15f83,1025,2401,hardware,702249740167244,8.364102564102565,8336.608608058608,-38.274420024420024,1023.7499999999999,702250184019452,443.852208,source_off_before,ea472ff300831ae2df4bc9e1efbc859054ff1263081edcabbeda3cdad8299f8e,16380,450.812614,True,286,422
6477.780991810049,7c7139dc,12,25,702250185915216,0.0,True,7c7139dc,1025,2401,hardware,702250193194615,22.214590964590965,8198.594932844933,-35.03321123321123,1023.7499999999999,702250637060890,443.866275,source_off_before,17c4369450d3533d027f11d1888ed058df9de75be357fc78bef4ca0d9999db2d,16380,451.145674,True,285,414
5938.665733100166,c1b85bd4,12,26,702250640729023,0.0,True,c1b85bd4,1025,2401,hardware,702250648160159,-7.986202686202686,7318.380586080586,-36.27582417582418,1023.7499999999999,702251092069896,443.909737,source_off_before,b9e52ba6f1f12c8e45585c6e5ca26d4d0db9030bf192cbf66822d64d8e3f577c,16380,451.340873,True,254,381
6930.5522668543645,7ef73622,12,27,702251095268462,0.0,True,7ef73622,1025,2401,hardware,702251103143968,6.155494505494506,7954.325702075702,-31.398778998778997,1023.7499999999999,702251547116132,443.972164,source_off_before,5d6f16afe7468d33c88357fb5d119480e228fb35572cd0099431c5c6e216381d,16380,451.84767,True,299,431
10759.528174767167,4a61a696,12,28,702251551643610,0.0010073260073260074,True,4a61a696,1025,2401,hardware,702251559227415,5.456959706959707,10931.363003663004,-11.918742368742368,1023.7499999999999,702252003067860,443.840445,source_off_before,1bb1d1933b8a915d232e947e7bcb25987a5723576b0b8b21f13ab335fd0f10e6,16380,451.42425,True,450,570
20760.015238628213,d97effca,12,29,702252006458719,0.00402930402930403,True,d97effca,1025,2401,hardware,702252014223857,1.6164835164835165,20923.25061050061,-12.673687423687424,1023.7499999999999,702252458057549,443.833692,source_off_before,ab3511452a18642e258482888d4afdcf7c5df3f2ecff5e1c56a7378cc409c7c2,16380,451.59883,True,556,708
8590.105532145579,04c8d366,12,30,702303704800603,0.0004578754578754579,True,04c8d366,1025,2401,hardware,702303712692660,5.425885225885226,10580.256593406593,-44.27991452991453,1023.7499999999999,702304156812145,444.119485,source_registered_control_sweep,f9f73efff53b1c37048b0c15cfa2b9f89b19e064556ef035d91de14e050b0996,16380,452.011542,True,317,410
11967.273773959727,f80daf0a,12,31,702304158958953,0.0004578754578754579,True,f80daf0a,1025,2401,hardware,702304166644029,3.815689865689866,12485.830280830281,-22.4498778998779,1023.7499999999999,702304610788432,444.144403,source_registered_control_sweep,6e08e879d6a1a008c0b3aa2c323032db1be3b142a770df9e2ef3a26cdd925512,16380,451.829479,True,357,443
5552.299362302668,313b058e,12,32,702304613328563,0.0,True,313b058e,1025,2401,hardware,702304620630835,12.51959706959707,6912.197741147741,-34.686568986568986,1023.7499999999999,702305064801457,444.170622,source_registered_control_sweep,20ec04046b52ba044b1c60a371ac4d9242a3f7767d0ccf5440c2b4ef20118aab,16380,451.472894,True,320,440
20805.96115638059,fcd0a93e,12,33,702305066926925,0.003418803418803419,True,fcd0a93e,1025,2401,hardware,702305074631668,3.1344932844932845,21510.050793650793,-26.3489010989011,1023.7499999999999,702305517910674,443.279006,source_registered_control_sweep,966ecd20164c5bae75b6762339c2ab88a728652262ea2972d286fb0b319a89a0,16380,450.983749,True,548,674
28115.876659626156,c1306f6f,12,34,702305520911366,0.005311355311355312,True,c1306f6f,1025,2401,hardware,702305527972853,6.621550671550671,28843.336568986568,-26.146031746031746,1023.7499999999999,702305971919171,443.946318,source_registered_control_sweep,0fd0dd83dacee88956edb188a0844026e430ef414fa111edbb2d580429baabac,16380,451.007805,True,611,782
7040.9379668391575,ca46d2b9,12,35,702306007968310,0.0,True,ca46d2b9,1025,2401,hardware,702306015644910,3.771123321123321,9860.452503052504,-52.96501831501831,1023.7499999999999,702306458886645,443.241735,source_registered_control_sweep,29b6b1339bfb92fbbcf09500e014eac2fcac98add44ddcf15a8d1110a178c6d6,16380,450.918335,True,294,443
7278.134049799407,c8ee614f,12,36,702306461262225,0.0,True,c8ee614f,1025,2401,hardware,702306467953814,11.588644688644688,10087.082234432235,-51.717032967032964,1023.7499999999999,702306911926170,443.972356,source_registered_control_sweep,eb108bbbbffd29bb7465613892f1f67ef3e4d11fa17f30e8aa777f189a7c366f,16380,450.663945,True,282,418
20427.496332643073,8f0eec74,12,37,702306914030518,0.005891330891330891,True,8f0eec74,1025,2401,hardware,702306920954926,-1.5007326007326007,20774.77802197802,-18.574969474969475,1023.7499999999999,702307364936109,443.981183,source_registered_control_sweep,caf24a9d8e91b7cd5d95932af054613702b6fd49f6f2f7d19006dc0b76f97021,16380,450.905591,True,545,667
6600.382413538504,93870207,12,38,702307367008616,0.0,True,93870207,1025,2401,hardware,702307374041219,7.231196581196581,8594.24242979243,-44.06324786324787,1023.7499999999999,702307817918686,443.877467,source_registered_control_sweep,dd106ee768869e2ed6b970f88feed869aa48bcfa28dd5d460469bdb56e441a08,16380,450.91007,True,256,400
6307.181207725254,93dbc3df,12,39,702307819593692,0.0,True,93dbc3df,1025,2401,hardware,702307826984161,0.7254578754578754,8340.456654456655,-45.086019536019535,1023.7499999999999,702308270917253,443.933092,source_registered_control_sweep,8cafb97b075d4040d172d20249953659924311015a3e8fbf5c98c33cb7932b7b,16380,451.323561,True,279,404
11357.856530381165,f521e073,12,40,702308273211670,0.0014957264957264958,True,f521e073,1025,2401,hardware,702308279977068,7.088949938949939,12114.835286935288,-26.584310134310133,1023.7499999999999,702308723919156,443.942088,source_registered_control_sweep,1aee4afc1f2b241dc288b7fbfd1030dc3dcc5bad724342c09e8fe301d26e7e3f,16380,450.707486,True,458,545
25888.557115481522,332c3410,12,41,702308725975443,0.0044566544566544564,True,332c3410,1025,2401,hardware,702308732991324,0.1692918192918193,25926.32496947497,-6.143223443223444,1023.7499999999999,702309176924526,443.933202,source_registered_control_sweep,0af88d15d647a0acafe1a635c0693b08d8d96654c8dc03166eb6ae82a4263803,16380,450.949083,True,594,750
6.711439357684778,ff1e9238,12,42,702309188793670,0.0,True,ff1e9238,1025,2401,24,702309196046259,-4.077594627594627,32.77301587301587,-3.071611721611722,1023.7499999999999,702309639935949,443.88969,source_registered_control_sweep,def145a0385accc0dd2b0309ec46f89cf19c251dc7b1a398e300544c52d27bbe,16380,451.142279,True,8,12
6.173346467668812,a7f26b80,12,43,702309641392301,0.0,True,a7f26b80,1025,2401,24,702309647984982,-3.0505494505494504,24.73223443223443,-3.0418803418803417,1023.7499999999999,702310091951677,443.966695,source_registered_control_sweep,a6e04c2d9d05d29fc1665b0da027cf936ee2c380db29e942ba84ef24f474c9a5,16380,450.559376,True,8,12
319.15510470569996,489de66a,12,44,702310093863160,0.0,True,489de66a,1025,2401,24,702310101045706,-2.8435286935286936,337.03253968253966,-3.129181929181929,1023.7499999999999,702310544981753,443.936047,source_registered_control_sweep,d903f6e8101ea86b66735ac5f57b27ef0fa6dab219f61e6fc8450956f01a7650,16380,451.118593,True,54,83
6.5627537975523325,e7a4cc73,12,45,702310548403491,0.0,True,e7a4cc73,1025,2401,24,702310556121449,-3.2235653235653237,27.497191697191695,-3.247008547008547,1023.7499999999999,702310999987724,443.866275,source_registered_control_sweep,dfe382aa0565a59ef02b7d1c65c2522e931098feb231cc2be091d3ba96f5b9e3,16380,451.584233,True,9,12
6.15213455686899,3ecba305,12,46,702311002091200,0.0,True,3ecba305,1025,2401,24,702311009063458,-3.053296703296703,24.666239316239317,-3.0317460317460316,1023.7499999999999,702311452981631,443.918173,source_registered_control_sweep,307c047901153d3e52b44db1f661372cf9e3058aca06a6b6ab9cb69b68e70be3,16380,450.890431,True,8,11
250.41067007100892,3441feb6,12,47,702311455288261,0.0,True,3441feb6,1025,2401,24,702311462051194,-3.208058608058608,270.12960927960927,-3.0703907203907206,1023.7499999999999,702311906054006,444.002812,source_registered_control_sweep,241b3a0c619bc5b4923eed2237442bff47b69246b43ce1eb033471674a76741b,16380,450.765745,True,53,81
6.9163977743190195,68ca94f8,12,48,702311909246751,0.0,True,68ca94f8,1025,2401,24,702311916068365,-3.476007326007326,31.56990231990232,-3.5455433455433454,1023.7499999999999,702312359957002,443.888637,source_registered_control_sweep,4c58c3d860cf992a91bffef1dd0921f66b922e36ff20958a0e4505942b3b9d05,16380,450.710251,True,8,11
6.206283333407877,8e2b4cf7,12,49,702312438079535,0.0,True,8e2b4cf7,1025,2401,24,702312445109974,-3.2926129426129425,25.75873015873016,-2.9514652014652016,1023.7499999999999,702312889009160,443.899186,source_registered_control_sweep,7ae197e66ab778bcc7c8caefc17691ca15df08cd9191b662e466766062b65e5a,16380,450.929625,True,8,12
6.053589244157011,2d29d04a,12,50,702312891076047,0.0,True,2d29d04a,1025,2401,24,702312898117356,-2.8973748473748473,23.221611721611723,-2.961965811965812,1023.7499999999999,702313341985003,443.867647,source_registered_control_sweep,f252d8a37934bf7a880d6e0a2ecaec293e23d193995acb71183e28695806b1dc,16380,450.908956,True,9,12
5.421812817829302,07c8575a,12,51,702313343831042,0.0,True,07c8575a,1025,2401,24,702313351091866,-2.8212454212454214,19.021428571428572,-2.374908424908425,1023.7499999999999,702313794987215,443.895349,source_registered_control_sweep,3c97594a8409fa57c9b37f319f77bb25acba9d51eeb0b0cc9120f3015796bd55,16380,451.156173,True,8,12
5.960688307757905,2dab7dd8,12,52,702313797020759,0.0,True,2dab7dd8,1025,2401,24,702313804123834,-3.39023199023199,23.914896214896213,-2.5417582417582416,1023.7499999999999,702314248009495,443.885661,source_registered_control_sweep,4a2c6529f82bd01144b3f82e7d4d14b3360e8e9a26795b45b4cc1f7906cf16c0,16380,450.988736,True,8,11
43.4626346418471,db2f9c99,12,53,702314249740978,0.0,True,db2f9c99,1025,2401,24,702314257083867,-2.7153235653235654,59.03345543345544,-2.8631868131868132,1023.7499999999999,702314701011066,443.927199,source_registered_control_sweep,a26f03a56817c6990b62a0bb7502cb529855b3e13699bfc591801baa27a9aa10,16380,451.270088,True,33,45
85545.25941388587,5533b191,12,54,702314713957436,0.0012515262515262516,True,5533b191,1025,2401,48,702314721149861,-2.75989010989011,85559.69175824175,-2.6106227106227107,1023.7499999999999,702315165020994,443.871133,source_registered_control_sweep,d277aa6da15c90c532f6dc7fe89db49c571746f8fa97bac472e06a118eef2f93,16380,451.063558,True,584,1016
40.49781598438192,85018750,12,55,702315166492014,0.0,True,85018750,1025,2401,48,702315174093773,-1.408974358974359,47.39420024420024,-2.2161172161172162,1023.7499999999999,702315617889302,443.795529,source_registered_control_sweep,fc0e0777c02668a28fc85d78623e5c9a698f7303bf370a4b916078871643623e,16380,451.397288,True,27,36
10782.699570335039,5217a561,12,56,702315619600437,0.0,True,5217a561,1025,2401,48,702315627201043,-2.173992673992674,10792.399694749694,-2.2302197802197803,1023.7499999999999,702316071041237,443.840194,source_registered_control_sweep,a23b30d7591ef707ca19938a946afa65277ec16d387c2a748373544bb71a0409,16380,451.4408,True,430,595
113927.46077910013,9236ae6f,12,57,702316072521835,0.022496947496947497,True,9236ae6f,1025,2401,48,702316080147249,5.157387057387058,114095.31221001221,-11.884981684981685,1023.7499999999999,702316524079256,443.932007,source_registered_control_sweep,95a2097cf34520cd1495c59cf66de9850191050024e5afe83f89110c6007cd92,16380,451.557421,True,584,1002
42.00667568254565,95e25736,12,58,702316526180017,0.0,True,95e25736,1025,2401,48,702316533163406,-0.9233211233211234,46.13644688644688,-1.8103174603174603,1023.7499999999999,702316977029970,443.866564,source_registered_control_sweep,7f24882c08536212160c60c6aedebf5dce56907148b56bfe9e3370bb2536c6d7,16380,450.849953,True,27,37
7460.016364334688,dacfd820,12,59,702316978921275,0.0,True,dacfd820,1025,2401,48,702316986176007,-1.8641025641025641,7467.315201465201,-1.9554945054945054,1023.7499999999999,702317430049874,443.873867,source_registered_control_sweep,1c5785271e509a01ff43f17b8208a80cb92e93a062ad17ef2ce0c718c2707a52,16380,451.128599,True,402,508
192171.5385801127,7a5d547b,12,60,702317431603070,0.0037545787545787547,True,7a5d547b,1025,2401,48,702317439267056,-2.2845543345543344,192186.2647130647,-3.0833333333333335,1023.7499999999999,702317883042577,443.775521,source_registered_control_sweep,e497fe83b59e628c440ffebb6b0be7dbe44f194d36a3cec0e9783cf916aac830,16380,451.439507,True,585,1024
40.32334622167955,d8dc0bf5,12,61,702317885382390,0.0,True,d8dc0bf5,1025,2401,48,702317893201980,-2.1816239316239314,49.55225885225885,-2.114102564102564,1023.7499999999999,702318337054316,443.852336,source_registered_control_sweep,0669ea2892cd90e488145b6e752aa8f3b5c1080d3cc0743ac579cd6b0154bba7,16380,451.671926,True,25,36
10512.668654718296,56f84b6c,12,62,702318338751685,0.0,True,56f84b6c,1025,2401,48,702318346157813,-2.028021978021978,10518.421428571428,-1.2805860805860805,1023.7499999999999,702318790106021,443.948208,source_registered_control_sweep,b608771c7627f0d4f946bacfb87d6d435a682cc9580894f9f3f622781ca8d793,16380,451.354336,True,422,574
14198.969354386285,6edb9abf,12,63,702318792830951,0.0008852258852258852,True,6edb9abf,1025,2401,48,702318800234816,-1.6677655677655678,14208.271367521367,-2.5535409035409034,1023.7499999999999,702319244088965,443.854149,source_registered_control_sweep,fd11e1a3c997df97520ee32894868b3aea83c7c55bac819fae6c76d0dd15d7c8,16380,451.258014,True,508,732
42.337837452535254,9e205586,12,64,702319246038209,0.0,True,9e205586,1025,2401,48,702319253191801,-1.991941391941392,50.563919413919415,-2.0635531135531138,1023.7499999999999,702319697058894,443.867093,source_registered_control_sweep,bc68dbb354f602c86142762b6df7eba4f90426d7a317ea99c049cf8120eb59c0,16380,451.020685,True,28,36
39.43988503729346,574b816b,12,65,702319698675720,0.0,True,574b816b,1025,2401,48,702319706174254,-1.2971916971916972,42.4462148962149,-1.1504884004884004,1023.7499999999999,702320150053340,443.879086,source_registered_control_sweep,dfe095e084a9f161b8c473586a0d21f68b9c94430a1a3d33aa87de2773a76154,16380,451.37762,True,26,35
40583.24456874356,31e936b9,12,66,702320160974082,0.016452991452991454,True,31e936b9,1025,2401,72,702320168235908,9.124725274725275,42634.12087912088,-44.35781440781441,1023.7499999999999,702320612059759,443.823851,source_registered_control_sweep,64e80a50a7fe91c6a843181e964bed0aa6ff57e8eb7b6dcdf9140ce7cb2abbc0,16380,451.085677,True,388,620
34914.04528697256,1895719d,12,67,702320613768259,0.011172161172161172,True,1895719d,1025,2401,72,702320621306497,10.540598290598291,37343.06642246642,-48.14474969474969,1023.7499999999999,702321065095212,443.788715,source_registered_control_sweep,606c6d8f136d21f189515065c2d57d8ee03e1da13d9f142540cf4e42e428b0ce,16380,451.326953,True,471,725
8185.529433993628,869289c0,12,68,702321067259413,0.0,True,869289c0,1025,2401,72,702321075298408,4.937789987789988,10088.413919413919,-43.34169719169719,1023.7499999999999,702321519093495,443.795087,source_registered_control_sweep,43290e1a5fb1cf90cf076346729861c5520ea4b070ef36438bd87fd0782d74b7,16380,451.834082,True,282,438
7062.826386559445,244dd56a,12,69,702321521048871,0.0,True,244dd56a,1025,2401,72,702321528321116,8.13009768009768,8933.758485958486,-42.483333333333334,1023.7499999999999,702321972099772,443.778656,source_registered_control_sweep,0498e66c4dabf0e40625175fb5c12b4a86d7d0fbfae6b8720ad0b1641466f2ac,16380,451.050901,True,265,418
243699.9238976587,88692a1f,12,70,702321974123046,0.12664835164835164,True,88692a1f,1025,2401,72,702321981226132,-1.048962148962149,243939.49285714285,-15.442429792429792,1023.7499999999999,702322425120326,443.894194,source_registered_control_sweep,9beff697730b97e4ff9c94a1465fed18991dd80a92a338d1796689c17204688a,16380,450.99728,True,512,762
159326.6541720337,597b2758,12,71,702322427612748,0.07365689865689866,True,597b2758,1025,2401,72,702322435239413,-6.065201465201465,160990.1152014652,-40.33205128205128,1023.7499999999999,702322879147373,443.90796,source_registered_control_sweep,04b58ace979b7519dd6df025f57cba2f4a56594cb2823654ab265d0a348e91fd,16380,451.534625,True,568,903
142793.79620714387,6178e503,12,72,702322882215913,0.06797924297924297,True,6178e503,1025,2401,72,702322890323037,4.774236874236874,143741.79658119657,-30.417216117216118,1023.7499999999999,702323334136618,443.813581,source_registered_control_sweep,9313537b2d1a4118b3bb1efb558844a0d918b044c4bd769b362eadf7d860bdd8,16380,451.920705,True,552,854
7695.290424301651,4063e5f4,12,73,702323335464197,0.0,True,4063e5f4,1025,2401,72,702323343281744,10.417643467643467,9460.779853479853,-40.70579975579975,1023.7499999999999,702323787149127,443.867383,source_registered_control_sweep,076120b1809f88cc2c260a775dc14fd2ec0985dd968c702acb699b838f1317ae,16380,451.68493,True,280,431
43830.11686175478,dd088cde,12,74,702323789077061,0.020177045177045178,True,dd088cde,1025,2401,72,702323796301476,15.157753357753357,45340.05915750916,-35.77967032967033,1023.7499999999999,702324240105499,443.804023,source_registered_control_sweep,376f75e71b0144efde840a5345cb4cd2227fddf8393b3e3cb24694dc172505e6,16380,451.028438,True,302,482
7447.511680281799,de40f8ce,12,75,702324241951929,0.0,True,de40f8ce,1025,2401,72,702324249241327,14.22087912087912,9518.829242979244,-43.23290598290598,1023.7499999999999,702324693180966,443.939639,source_registered_control_sweep,80b0f8882161f94d79d9991cf68aa564560ec1421d2b6c54a096483ba564b659,16380,451.229037,True,276,427
6917.753484646543,c0072269,12,76,702324694864138,0.0,True,c0072269,1025,2401,72,702324702286217,6.332417582417582,8723.150671550671,-42.01544566544567,1023.7499999999999,702325146135495,443.849278,source_registered_control_sweep,9a460b496293003be1d905d718348b80605193e781fc9fa48706553d19584924,16380,451.271357,True,258,398
59890.868842281394,692fc37e,12,77,702325148241005,0.028113553113553114,True,692fc37e,1025,2401,72,702325156307892,13.178388278388278,61899.824236874236,-42.84023199023199,1023.7499999999999,702325600140750,443.832858,source_registered_control_sweep,6530e797aee9ce5d098dd46d0ba191c73ad70dbc2b0608740a56f2469092f395,16380,451.899745,True,382,575
9914.942708103184,d696e704,20,78,702325610147524,0.0,True,d696e704,1025,2401,hardware,702325617277040,1.8194139194139194,11104.21855921856,-34.43785103785104,1023.7499999999999,702326061162436,443.885396,source_registered_control_sweep,d78fa0f453cf7539fbf740c6acbd1b6e8741be2db55df503dce0d8aa697bdee6,16380,451.014912,True,329,486
8871.091463539175,d0fb8631,20,79,702326062977487,0.0,True,d0fb8631,1025,2401,hardware,702326070283075,11.7501221001221,10067.626251526252,-32.534126984126985,1023.7499999999999,702326514141190,443.858115,source_registered_control_sweep,499da0972210ac98849b9650e3cf603f551bd34987f5422be5bc9e9e49864ee7,16380,451.163703,True,362,519
12243.66237890247,4410c192,20,80,702326516127174,0.00042735042735042735,True,4410c192,1025,2401,hardware,702326523238886,6.826312576312576,14492.775213675213,-46.930952380952384,1023.7499999999999,702326967157355,443.918469,source_registered_control_sweep,37f82c4e690bf01e803ac663149f8cad2b11c174a5c14ce5c0e0b522214daa82,16380,451.030181,True,408,523
30769.391221463382,d5c75671,20,81,702326969421053,0.0,True,d5c75671,1025,2401,hardware,702326977252456,-2.621001221001221,30786.739804639805,-3.237118437118437,1023.7499999999999,702327421167628,443.915172,source_registered_control_sweep,46d6cdae065c5f5f49b5ade771a2be8e55090a73954894b1f3662350b6186a52,16380,451.746575,True,326,527
49602.53750037272,cd989e6c,20,82,702327422704102,0.0021672771672771674,True,cd989e6c,1025,2401,hardware,702327430191835,-1.0626984126984127,49627.213614163615,-4.852503052503052,1023.7499999999999,702327874209531,444.017696,source_registered_control_sweep,bd6493461f7e98e16d341a4d5571c76f2ff2e0b1d8840c00cf6d8a2394fd96bf,16380,451.505429,True,543,719
13579.343074593631,2c9a514f,20,83,702327877857226,0.0003663003663003663,True,2c9a514f,1025,2401,hardware,702327885214602,14.962820512820512,16359.377228327228,-50.55836385836386,1023.7499999999999,702328329191020,443.976418,source_registered_control_sweep,b5f98966ac688061ed5259dc5c932f18d503745a421a90a26e61e1f9afae414c,16380,451.333794,True,472,586
10488.279388869507,9e4a57dc,20,84,702328331115077,0.0,True,9e4a57dc,1025,2401,hardware,702328339221579,19.956898656898655,13884.681257631257,-54.75512820512821,1023.7499999999999,702328783208326,443.986747,source_registered_control_sweep,b7c69019a26603a6b26c4f44e80207690bce79fef9804d61c1dac033ae5e26f9,16380,452.093249,True,302,485
10573.673331048616,ac2ec598,20,85,702328785135980,0.0,True,ac2ec598,1025,2401,hardware,702328793173712,22.395543345543345,14013.588461538462,-54.206593406593406,1023.7499999999999,702329237200274,444.026562,source_registered_control_sweep,2609955a0a7ddbec289ed4d19c606a75a2ed4261300a687598089587517c1b13,16380,452.064294,True,353,497
16930.369402946802,c7d4fc76,20,86,702329296864518,0.0014957264957264958,True,c7d4fc76,1025,2401,hardware,702329304222726,-0.41208791208791207,17269.72857142857,-18.417094017094016,1023.7499999999999,702329748243367,444.020641,source_registered_control_sweep,3978641f580805e6490beeca99d98363782a0343dff9583f09e32a01c9183c66,16380,451.378849,True,483,596
9005.887157105884,fb66cd05,20,87,702329751049441,0.0,True,fb66cd05,1025,2401,hardware,702329758246374,19.87808302808303,10722.982600732601,-36.35873015873016,1023.7499999999999,702330202200700,443.954326,source_registered_control_sweep,2e8f624cda66529ef1920937db617e84547ba4a5c1dc0b6d05ae135780ccba8c,16380,451.151259,True,334,491
10084.705258460168,63222785,20,88,702330203890864,0.0,True,63222785,1025,2401,hardware,702330211159313,4.198046398046398,13415.209768009769,-57.55763125763126,1023.7499999999999,702330655226862,444.067549,source_registered_control_sweep,2944eb8f4468fe391e1985f292989495df065f22c59e6a0e5016e7451dfe3418,16380,451.335998,True,306,477
33402.33116915712,3327f39a,20,89,702330657055328,0.0010378510378510379,True,3327f39a,1025,2401,hardware,702330664113679,-1.9552503052503052,33419.79768009768,-3.693711843711844,1023.7499999999999,702331108214602,444.100923,source_registered_control_sweep,523b0b1aeb2f9378aa780e68e409ef5dee7f17659e68968ab04fc57ebfb6dbad,16380,451.159274,True,388,610
628.0645674651628,4deb2e2a,20,90,702331121145623,0.0,True,4deb2e2a,1025,2401,24,702331129246255,-2.528998778998779,642.8166666666667,-2.8907203907203907,1023.7499999999999,702331573242479,443.996224,source_registered_control_sweep,eb7794a9d689cc3efd962ce184da3fcc15f38f3628f149467185355345219966,16380,452.096856,True,99,159
7.7264425853619985,09caeb79,20,91,702331575013486,0.0,True,09caeb79,1025,2401,24,702331582174702,-3.1699023199023197,21.994261294261293,-2.054151404151404,1023.7499999999999,702332026261347,444.086645,source_registered_control_sweep,298830ec6716a59e46436d174b7dc3637e1f68be6b9603fd84b24752b2626b36,16380,451.247861,True,11,14
8.20039334054902,4f5b7259,20,92,702332027944308,0.0,True,4f5b7259,1025,2401,24,702332035135771,-3.228876678876679,25.543772893772893,-2.63015873015873,1023.7499999999999,702332479251210,444.115439,source_registered_control_sweep,1c2a546597193f94625435787e05dd25f12785b40ad4761a8106154fea4ad1e5,16380,451.306902,True,11,14
988.6819993075029,0b58328c,20,93,702332481084826,0.0,True,0b58328c,1025,2401,24,702332489257924,-3.008241758241758,1002.0172771672771,-2.0702075702075704,1023.7499999999999,702332933252695,443.994771,source_registered_control_sweep,af44b84c32bb5375676eb0a0c70c959bfea1eba012faeaa382511b4f62c3b481,16380,452.167869,True,106,164
8.505917364754362,3d535bb3,20,94,702332935071894,0.0,True,3d535bb3,1025,2401,24,702332943338769,-3.1674603174603173,26.48919413919414,-2.81965811965812,1023.7499999999999,702333387271092,443.932323,source_registered_control_sweep,cd80e675d71ddc78416d589305f402f972290cd8d5f9e7223d77b8c9b4faa510,16380,452.199198,True,11,14
9.157961144133306,32b5fd14,20,95,702333388799882,0.0,True,32b5fd14,1025,2401,24,702333396109638,-3.4344932844932843,32.7008547008547,-3.4274114774114772,1023.7499999999999,702333840275402,444.165764,source_registered_control_sweep,f258550d058ad7ddf6eb8bd7581a233ba5309f3b2242d1b4df64b8ee6770307d,16380,451.47552,True,10,14
392.1168953770419,6fe932f4,20,96,702333842240076,0.0,True,6fe932f4,1025,2401,24,702333850117515,-2.6996336996337,405.62869352869353,-2.4947496947496948,1023.7499999999999,702334294284552,444.167037,source_registered_control_sweep,79baba89a875af97e44e979f4495c8f47aff545af85aa98f715b2f5453f7cd8b,16380,452.044476,True,70,102
1267.281150599841,a410b8d2,20,97,702334296423284,0.0,True,a410b8d2,1025,2401,24,702334304100946,-2.8079365079365077,1283.4518315018315,-2.8785714285714286,1023.7499999999999,702334748261199,444.160253,source_registered_control_sweep,ed8ab63c54560cdd50904a66de8d2bf3489553f8074adff23047067688f826d6,16380,451.837915,True,101,165
9.289291536031463,becf8fbe,20,98,702334749691954,0.0,True,becf8fbe,1025,2401,24,702334757109394,-4.459218559218559,35.3,-2.475091575091575,1023.7499999999999,702335201267342,444.157948,source_registered_control_sweep,7402b565211e90576b4e44b9e2a1031efe20e5bbcff02fbbe266043c0e89080b,16380,451.575388,True,11,15
1990.3211093593695,77986294,20,99,702335202973207,0.0,True,77986294,1025,2401,24,702335210142858,-3.7222832722832724,2007.1205128205129,-1.7158119658119657,1023.7499999999999,702335654322598,444.17974,source_registered_control_sweep,a89ac8950a9f8d665d34c0bf05588ce0fbf2ed6e71b98c68c5916b4d7c8f46df,16380,451.349391,True,99,165
1458.5195112976155,303e1a39,20,100,702335656768802,0.0,True,303e1a39,1025,2401,24,702335664091393,-3.480952380952381,1476.4449938949938,-2.41007326007326,1023.7499999999999,702336108303494,444.212101,source_registered_control_sweep,a7e9d77a17813bc5840f2b221a30f613dbf5cd9fb9051d746fec5169439900df,16380,451.534692,True,106,170
7.697612137557192,ae31c063,20,101,702336110155945,0.0,True,ae31c063,1025,2401,24,702336118193297,-2.839010989010989,20.55177045177045,-2.1895604395604398,1023.7499999999999,702336562295329,444.102032,source_registered_control_sweep,3aa287008e84147cb18cdb49ba2a6f6b612229b8bac4a834312fbac956d8cff6,16380,452.139384,True,10,15
128893.17121920848,270503e9,20,102,702336572243924,0.028266178266178266,True,270503e9,1025,2401,48,702336580111444,-2.5193528693528693,128902.65891330891,-1.772161172161172,1023.7499999999999,702337024343192,444.231748,source_registered_control_sweep,67a2103a8f81d3a6cf6ea79351768cd81a760ca3c922eeba649bc5fd48f7b5bc,16380,452.099268,True,584,993
6977.230173742959,f1f2fd7b,20,103,702337025875589,0.0,True,f1f2fd7b,1025,2401,48,702337033148445,-1.4264957264957265,6988.0553113553115,-2.964835164835165,1023.7499999999999,702337477305682,444.157237,source_registered_control_sweep,d447221c076a09d79bcdb40e0309c2b5e39ca7a8f0c7593edb9faec4ede5a20b,16380,451.430093,True,396,575
57.41498127872671,acfd5944,20,104,702337479150379,0.0,True,acfd5944,1025,2401,48,702337487121866,-1.9356532356532357,62.49859584859585,-1.1562271062271061,1023.7499999999999,702337931324949,444.203083,source_registered_control_sweep,2677254f85de247fffd9931f75a83707468434708c0054781d0c231394de5c3a,16380,452.17457,True,29,39
169609.85838012345,7ae9eb6e,20,105,702337933163254,0.031043956043956045,True,7ae9eb6e,1025,2401,48,702337941146503,-2.0246642246642246,169618.54163614163,-2.141025641025641,1023.7499999999999,702338385360097,444.213594,source_registered_control_sweep,467ef2866a788dd23c010c4502059c951b913cc6ccc2d422746317fb4c135fc1,16380,452.196843,True,585,1015
71.21837560248733,2713b6bf,20,106,702338387465436,0.0,True,2713b6bf,1025,2401,48,702338395162785,-1.3347374847374847,76.45659340659341,-1.8592185592185593,1023.7499999999999,702338839358955,444.19617,source_registered_control_sweep,3468e7d3705d94c9a94ff769073185b0acc2528806fadd4134bca5c42e570759,16380,451.893519,True,36,49
97724.93688317448,520fe80a,20,107,702338840743232,0.024694749694749694,True,520fe80a,1025,2401,48,702338848151735,-1.6623321123321124,97728.85592185592,-1.075030525030525,1023.7499999999999,702339291412076,443.260341,source_registered_control_sweep,b7496716e8ea3e9d036fd11ea461c07a7c14286488cf8688fe554046f647ed34,16380,450.668844,True,574,835
149939.7512361892,7f0321b8,20,108,702339293624197,0.025244200244200245,True,7f0321b8,1025,2401,48,702339300529328,-2.0257631257631257,149944.58223443222,-0.8528083028083028,1023.7499999999999,702339744402406,443.873078,source_registered_control_sweep,0196f953d5594a86718abb029bcd4a83e35dd8876383ec85af1574da51cf0e9a,16380,450.778209,True,585,1020
17444.99467699747,559a1536,20,109,702339746327114,0.000641025641025641,True,559a1536,1025,2401,48,702339753477158,-2.5405372405372404,17452.588217338216,-1.0673382173382173,1023.7499999999999,702340197425420,443.948262,source_registered_control_sweep,0624144a2cfdc6b05ce45564c503f60ce180a4c542db5a8f9a5b4fad882636e9,16380,451.098306,True,544,862
15512.49399687072,c1efb4e9,20,110,702340199157293,0.0,True,c1efb4e9,1025,2401,48,702340206487248,-2.4585470085470087,15521.97496947497,-1.8537851037851039,1023.7499999999999,702340650441740,443.954492,source_registered_control_sweep,f1384f36acfd7c85dc93069900e6677dc6a099af5d486d962b475a5d9df45a88,16380,451.284447,True,491,656
56.929407177072015,dbae69c3,20,111,702340652277871,0.0,True,dbae69c3,1025,2401,48,702340659455117,-1.8483516483516484,63.80091575091575,-1.8587912087912088,1023.7499999999999,702341103431511,443.976394,source_registered_control_sweep,4699c9cd3278260f991933c48374e7b2ab22ef9c01680a29dcf6aa500987eef4,16380,451.15364,True,29,43
51.11323105770907,05dcf4f5,20,112,702341105302677,0.0,True,05dcf4f5,1025,2401,48,702341112557801,-2.121794871794872,58.63876678876679,-1.7388278388278389,1023.7499999999999,702341556456047,443.898246,source_registered_control_sweep,8e7cdf8620a56f7c115ba98e68eebfef7a328cec3527424a9f54fdecf32faf28,16380,451.15337,True,27,41
11001.89002894846,c9d88522,20,113,702341558746566,0.0,True,c9d88522,1025,2401,48,702341565550496,-2.3375457875457877,11009.060378510378,-1.3062271062271062,1023.7499999999999,702342009448682,443.898186,source_registered_control_sweep,27d5dc332086a769126b5de0e33321ad1a3353bb23038c3e09e328607f026478,16380,450.702116,True,430,582
416915.7519463416,611e2f8a,20,114,702342020406384,0.21807081807081807,True,611e2f8a,1025,2401,72,702342027523205,1.4757020757020758,417017.4759462759,-9.977289377289377,1023.7499999999999,702342471457029,443.933824,source_registered_control_sweep,d2dd99ac64836191b963e344b0f557ae08110f5eeab2b9d3b23efda06cd29d41,16380,451.050645,True,567,750
43547.63718171972,a038a02e,20,115,702342473213829,0.01697191697191697,True,a038a02e,1025,2401,72,702342480570825,0.5142857142857142,45488.12130647131,-44.0479242979243,1023.7499999999999,702342924471886,443.901061,source_registered_control_sweep,5511202ffc7db2538c8317112022273b57a0bb9b0f923783d4e298c5c5e0abe8,16380,451.258057,True,432,673
388565.34085582645,fe9044dd,20,116,702342928383549,0.20021367521367522,True,fe9044dd,1025,2401,72,702342935551638,-0.8699023199023199,388611.04896214895,-6.704578754578755,1023.7499999999999,702343379518153,443.966515,source_registered_control_sweep,a0ad074b1ae08fae24fb3e874f1bc392222d8985067f6e66931dfa75a21c171d,16380,451.134604,True,577,857
11324.222808444438,2cef52be,20,117,702343381947715,0.0,True,2cef52be,1025,2401,72,702343389559532,0.5514652014652015,13753.09706959707,-49.280525030525034,1023.7499999999999,702343833487694,443.928162,source_registered_control_sweep,9d129ee33a19ab89b2bf080b72577d488237cb9da49c13df9c8668675e3c512e,16380,451.539979,True,326,504
258992.03899636384,ba32f97f,20,118,702343835160727,0.10818070818070818,True,ba32f97f,1025,2401,72,702343842529044,13.165567765567765,259592.3308913309,-20.663003663003664,1023.7499999999999,702344286470431,443.941387,source_registered_control_sweep,90d222ad0f89d943e2616844acb4a00bf7e1f84734e481010261e36c171f0ae2,16380,451.309704,True,585,1023
147692.38763258077,4433fdaf,20,119,702344287947082,0.07292429792429793,True,4433fdaf,1025,2401,72,702344295556314,-6.271855921855922,148253.49761904762,-22.84236874236874,1023.7499999999999,702344739473204,443.91689,source_registered_control_sweep,2be6bb5e5a61e0ee81c291aea800cb928cc39eca575b0195f76529fc40bb02e4,16380,451.526122,True,492,747
10482.804149909582,63cfc146,20,120,702344740864274,0.0,True,63cfc146,1025,2401,72,702344747578705,2.8345543345543347,12510.836446886447,-44.944383394383394,1023.7499999999999,702345191491878,443.913173,source_registered_control_sweep,be08d60575c10fa07f6ea31de4f6af40c958beec0b75613af7e3fef0c9c471ae,16380,450.627604,True,309,489
99040.54146349817,5f951bbf,20,121,702345193550149,0.045848595848595845,True,5f951bbf,1025,2401,72,702345200613459,-8.22014652014652,101344.59957264957,-47.29151404151404,1023.7499999999999,702345644496485,443.883026,source_registered_control_sweep,68a7e91aad4afb631b72646bff2330ba059976bb3d876459530c8477722fd259,16380,450.946336,True,510,789
12231.898181878492,4b031156,20,122,702345646564745,0.0,True,4b031156,1025,2401,72,702345653667490,9.878083028083028,14705.465811965812,-48.744139194139194,1023.7499999999999,702346097491675,443.824185,source_registered_control_sweep,2d5893086a91aa218b6bb1b4b4ce653b52ed84bc8dc9a6e34adc7d328a0a400e,16380,450.92693,True,342,521
46288.57864898974,3586ca83,20,123,702346099614447,0.014224664224664224,True,3586ca83,1025,2401,72,702346106614949,4.285164835164835,48027.93992673993,-41.484920634920634,1023.7499999999999,702346550531488,443.916539,source_registered_control_sweep,1c72f1bf9ef9e09335c242bd6750ff034bc415b1d0db5e1973e4104bf65ae698,16380,450.917041,True,536,859
12147.517808798513,52b02af2,20,124,702346552389790,0.0,True,52b02af2,1025,2401,72,702346559619345,8.0491452991453,13271.280525030525,-32.54188034188034,1023.7499999999999,702347003509064,443.889719,source_registered_control_sweep,5d323eb2a0c0c8a7267078d918c977d06f8e8143140a5ddca4f4ba83aa16a4fc,16380,451.119274,True,340,532
9748.347153069422,d1d29248,20,125,702347005163441,0.0,True,d1d29248,1025,2401,72,702347012638079,2.3826617826617826,11738.89536019536,-44.55189255189255,1023.7499999999999,702347456495656,443.857577,source_registered_control_sweep,60d7c9ccd82ccf25ef8e4f58d6be587c4a8baf9e81cae8c019c641a8c8becdcc,16380,451.332215,True,296,459
51198.793569922826,d657a4f0,40,126,702347465397802,0.007997557997557997,True,d657a4f0,1025,2401,hardware,702347472602099,-3.31031746031746,51220.257997558,-3.2413308913308914,1023.7499999999999,702347916529088,443.926989,source_registered_control_sweep,99a11d2bb5ee4e7bf6f551a59011082497332d0a9dc3767c4f301e705d022833,16380,451.131286,True,609,894
5501.8608314697785,13364eb5,40,127,702347918817473,0.0,True,13364eb5,1025,2401,hardware,702347925572792,-5.587118437118437,6236.945482295482,-26.53052503052503,1023.7499999999999,702348369416202,443.84341,source_registered_control_sweep,1c30251ba4a0d0e5c763ac6bc624f0e07296f829d6aa687f5b7b93be60dbc60f,16380,450.598729,True,245,367
94219.72953225888,1acfd6f1,40,128,702348370848810,0.041697191697191695,True,1acfd6f1,1025,2401,hardware,702348378635979,-2.3252136752136754,94244.69652014652,-4.422710622710623,1023.7499999999999,702348822543771,443.907792,source_registered_control_sweep,1e48c8428014cbc9722ce1c22e297ded933a8c2b3f2beae2959d851683e0ca62,16380,451.694961,True,689,884
16658.80997382078,0a2f1be2,40,129,702348823990405,0.0,True,0a2f1be2,1025,2401,hardware,702348831626378,5.73968253968254,19007.972283272284,-48.127106227106225,1023.7499999999999,702349275542136,443.915758,source_registered_control_sweep,28f66e8d1c6fd6c6332bf7366c4cd1e81fffae99a81c2e5647e28522f1956596,16380,451.551731,True,410,599
72625.61181041758,bd916248,40,130,702349277276914,0.002777777777777778,True,bd916248,1025,2401,hardware,702349284727447,-3.9296092796092794,72677.25024420024,-6.016361416361416,1023.7499999999999,702349728557532,443.830085,source_registered_control_sweep,fddb0a1b37fc5cfa2917774c200abf84ef956b9c3c6df7090592b6100bccbf74,16380,451.280618,True,536,865
9035.3920450056,1e81ca98,40,131,702349730760135,0.0,True,1e81ca98,1025,2401,hardware,702349737668022,-0.5853479853479854,9622.20231990232,-24.217094017094016,1023.7499999999999,702350181555225,443.887203,source_registered_control_sweep,f06bc96691e0028d33af4171e1236f1afeaf8e760cd4cbb52f2659211fb4ee9a,16380,450.79509,True,445,598
24814.140571660395,f8bd50cf,40,132,702350183971612,0.0012515262515262516,True,f8bd50cf,1025,2401,hardware,702350191667208,-2.152075702075702,25666.470512820513,-29.115262515262515,1023.7499999999999,702350635546345,443.879137,source_registered_control_sweep,433345087622d15cfca384e7e0ee259e087d9fe4a46d803e76757792a0b052ca,16380,451.574733,True,615,761
16664.932745668724,9bc1f3b4,40,133,702350637328974,0.0,True,9bc1f3b4,1025,2401,hardware,702350644646696,-2.0504884004884003,18345.94474969475,-40.94884004884005,1023.7499999999999,702351088600895,443.954199,source_registered_control_sweep,5f9a17cefb23feac997e2f6c0a501bb2103381de0be7c99d1eb9bd406a6d7bba,16380,451.271921,True,456,658
22416.281428239712,b63b6505,40,134,702351091425855,0.0,True,b63b6505,1025,2401,hardware,702351098784123,-5.886019536019536,25983.001037851038,-59.43125763125763,1023.7499999999999,702351542591514,443.807391,source_registered_control_sweep,fac188516a144b036d8034d62c731be5b119113642defac0ebc1b5699ddcf9c3,16380,451.165659,True,456,683
14342.641051667433,de783161,40,135,702351544919454,0.00015262515262515263,True,de783161,1025,2401,hardware,702351552713516,1.0702686202686202,14679.347191697192,-18.31831501831502,1023.7499999999999,702351996585179,443.871663,source_registered_control_sweep,da45567285ab2ea56c095c6ddf09b3a94330739802a575ffddc53a9967aa7f7c,16380,451.665725,True,567,644
18242.674098099025,ccc718c6,40,136,702351999200733,0.0003968253968253968,True,ccc718c6,1025,2401,hardware,702352006738270,-6.063797313797314,20744.384371184373,-49.648168498168495,1023.7499999999999,702352450597649,443.859379,source_registered_control_sweep,117a36b9c331fe0f551e56d7bfbc19980308e754f527388af6967a9437bc3a47,16380,451.396916,True,539,656
15669.844230381612,d44342cf,40,137,702352453019587,0.0,True,d44342cf,1025,2401,hardware,702352460684124,2.1297313797313797,18689.670451770453,-54.91166056166056,1023.7499999999999,702352904588198,443.904074,source_registered_control_sweep,bb23fe0cf156ffbd6fece938ae2ebf8233aaa0a943f583c6189ed4fca8150bc2,16380,451.568611,True,412,598
17.86152145846285,5ba98362,40,138,702352916487579,0.0,True,5ba98362,1025,2401,24,702352923689161,-4.823015873015873,51.012454212454216,-3.1447496947496947,1023.7499999999999,702353367600849,443.911688,source_registered_control_sweep,21ce9e5c708b388b2abba98a7abb234fce1c9543b0cf75a8a281d941b161d0a5,16380,451.11327,True,14,20
17.65377019161818,1c320308,40,139,702353369276647,0.0,True,1c320308,1025,2401,24,702353376705318,-4.4222222222222225,54.926312576312576,-4.209096459096459,1023.7499999999999,702353820606406,443.901088,source_registered_control_sweep,968a0e22e7145df714ad4d7c12e6d2c075778feb55754dca9e9f088a49638185,16380,451.329759,True,15,22
17.64705379039628,5c0906e9,40,140,702353822157277,0.0,True,5c0906e9,1025,2401,24,702353829810122,-4.948962148962149,54.03083028083028,-3.4484126984126986,1023.7499999999999,702354273601693,443.791571,source_registered_control_sweep,fcb518a3b6260bf2c3afc9fd1b4cbf275ac643d97101a6dd60fb48ebc60c4961,16380,451.444416,True,15,19
2231.1605190932387,77cbb818,40,141,702354275414640,0.0,True,77cbb818,1025,2401,24,702354282843200,-4.994871794871795,2270.965628815629,-3.8543956043956045,1023.7499999999999,702354726612299,443.769099,source_registered_control_sweep,db8dd20334e3d6279a5551884de7d5db788639ba3871204699dc4181ee106a6e,16380,451.197659,True,124,197
127.77793161424115,65da6614,40,142,702354728184440,0.0,True,65da6614,1025,2401,24,702354735869787,-4.817094017094017,163.39224664224665,-3.5227716727716727,1023.7499999999999,702355179620730,443.750943,source_registered_control_sweep,7755386f014120b7ccc20880775cb4d0bc57b00d759e72b5966fd820eee5a6e0,16380,451.43629,True,54,84
62.44259039359771,265e82ce,40,143,702355181325152,0.0,True,265e82ce,1025,2401,24,702355188802535,-4.307264957264957,97.72661782661783,-4.09041514041514,1023.7499999999999,702355632630915,443.82838,source_registered_control_sweep,1f19a9f1cad4114675d53262c2eecb8620a82d07ad5daf7e7eaa24087b1c64df,16380,451.305763,True,39,55
33.93638967530909,8e07c608,40,144,702355634230058,0.0,True,8e07c608,1025,2401,24,702355641784617,-4.906532356532357,76.092673992674,-4.252319902319902,1023.7499999999999,702356085628536,443.843919,source_registered_control_sweep,5534d007568f1d35a00e121cd0d84d79a92b348afe4b40516df9fb33ac5e2505,16380,451.398478,True,52,73
113.23442765754122,0aed82f2,40,145,702356087482039,0.0,True,0aed82f2,1025,2401,24,702356094818506,-4.082295482295482,143.56788766788767,-3.6970695970695973,1023.7499999999999,702356538648449,443.829943,source_registered_control_sweep,aefab0ffb4755deb16b3a2f05a381bbfc30a238be62d0f73542ce5d90147b794,16380,451.16641,True,53,80
76.98706922063148,593f490a,40,146,702356540210371,0.0,True,593f490a,1025,2401,24,702356547770912,-4.392796092796093,110.1373015873016,-3.722039072039072,1023.7499999999999,702356991619810,443.848898,source_registered_control_sweep,9bf0feb5e7c4aae3e67c2ecf300fdd70843a1a71b3e7619e817d92f4cfd4b41e,16380,451.409439,True,41,66
39.55854174586776,0a1cd16d,40,147,702356993686216,0.0,True,0a1cd16d,1025,2401,24,702357000880133,-4.200488400488401,72.33369963369964,-3.88986568986569,1023.7499999999999,702357444636186,443.756053,source_registered_control_sweep,a785d0b2edf6064a94186b811159f5e3f4b63de0d83384b77666656dc689ecbe,16380,450.94997,True,31,41
19.85279871295439,623a4b3e,40,148,702357446121243,0.0,True,623a4b3e,1025,2401,24,702357453827659,-4.1493894993895,47.77087912087912,-3.271184371184371,1023.7499999999999,702357897655347,443.827688,source_registered_control_sweep,ffa88ea415f21d6cc19dcd50d213c884c8e1604f8d7aa181815a97c3e2c360c8,16380,451.534104,True,17,23
18.283117798291787,fc6166af,40,149,702357899532325,0.0,True,fc6166af,1025,2401,24,702357906751801,-4.589560439560439,51.83766788766789,-3.534188034188034,1023.7499999999999,702358350676592,443.924791,source_registered_control_sweep,ab6f7563c974fc3407176d979a9cd97eca50cea41a47bbf1c503aebea68bdd1a,16380,451.144267,True,15,18
21247.833413652552,aaf3c4a6,40,150,702358361575282,0.0,True,aaf3c4a6,1025,2401,48,702358368838320,-3.1788156288156286,21270.044688644688,-3.4794261294261295,1023.7499999999999,702358812673582,443.835262,source_registered_control_sweep,a78c91835827e2feea12c0a97fb69074e344618dae991ddabeb5e4a4a172cdf1,16380,451.0983,True,505,674
102.13171229021962,c241e086,40,151,702358814509943,0.0,True,c241e086,1025,2401,48,702358821832233,-3.737973137973138,129.22509157509157,-3.6222832722832723,1023.7499999999999,702359265649091,443.816858,source_registered_control_sweep,845d45841365b1a501bd55bba717bed151903e8f9871934f0d3b4cf26da4138a,16380,451.139148,True,35,52
214739.23253005167,f00498b0,40,152,702359267595550,0.05625763125763126,True,f00498b0,1025,2401,48,702359274841786,-0.8577533577533577,214755.88632478632,-3.98974358974359,1023.7499999999999,702359718667039,443.825253,source_registered_control_sweep,3a375f81872ebee222b9d1963ee0dc2ecdde679c163f30ce0b86357788ed4270,16380,451.071489,True,585,1020
312852.85593175143,d6706cc9,40,153,702359720921069,0.1094017094017094,True,d6706cc9,1025,2401,48,702359728798218,-1.4492673992673992,312855.1504884005,-0.44065934065934065,1023.7499999999999,702360172730513,443.932295,source_registered_control_sweep,ce1e556300458e0da4b2d98975337b29642b2eb10e79d59c9322cf58093f8593,16380,451.809444,True,584,969
228879.28805399765,3c10b496,40,154,702360176474490,0.09163614163614163,True,3c10b496,1025,2401,48,702360183770190,-4.052930402930403,228920.02557997557,-4.930647130647131,1023.7499999999999,702360627701593,443.931403,source_registered_control_sweep,5cc7c1a4d3607033d01c6b6534c164844b7c99733e760d2a59a11e7b401ca2d1,16380,451.227103,True,579,934
106.37406967235724,4a55f293,40,155,702360629396787,0.0,True,4a55f293,1025,2401,48,702360636731731,-2.84004884004884,125.5514652014652,-3.3333943833943835,1023.7499999999999,702361080699764,443.968033,source_registered_control_sweep,d03c47dc0ed69df34f1a2357c6e6ba89efce9f87ef1f8f8922fb1df81cb5b64e,16380,451.302977,True,37,51
22289.470895706516,b0bc7ddd,40,156,702361082267767,0.0,True,b0bc7ddd,1025,2401,48,702361089726245,-2.7623321123321123,22303.14822954823,-2.459035409035409,1023.7499999999999,702361533718763,443.992518,source_registered_control_sweep,9323924c548c9da5d43d51d9ce3f5881c37b57d5bb99e5cdf1d14480594ae17d,16380,451.450996,True,485,624
24876.548761895072,1b16b04c,40,157,702361535869248,0.0021672771672771674,True,1b16b04c,1025,2401,48,702361543803906,-3.747863247863248,24905.213492063493,-3.8233821733821736,1023.7499999999999,702361987714770,443.910864,source_registered_control_sweep,9f124a68b7aac77225ca748f28e7ef8437d6be389ede365d533063b1f145a4d4,16380,451.845522,True,459,566
58519.71001371205,e673f467,40,158,702361989680215,0.015476190476190477,True,e673f467,1025,2401,48,702361997753574,-3.1728327228327227,58539.42704517704,-3.1064713064713065,1023.7499999999999,702362441713451,443.959877,source_registered_control_sweep,0be452322cc50bb7b340d176309fbeba368b0fcf0c8087e842af63c5ffa1b374,16380,452.033236,True,559,842
7006.7739466479115,d529fda2,40,159,702362443467657,0.0,True,d529fda2,1025,2401,48,702362450794666,-3.4632478632478634,7030.391636141636,-3.409340659340659,1023.7499999999999,702362894736528,443.941862,source_registered_control_sweep,c4bc6973d3d25cb1901ffbee0f76d3c62f5552774a8bb032a03be33d8c2f8bf0,16380,451.268871,True,372,549
400937.95446990436,ed221eee,40,160,702362896431782,0.17234432234432234,True,ed221eee,1025,2401,48,702362903710169,-1.308974358974359,400954.24181929184,-3.817582417582418,1023.7499999999999,702363347741451,444.031282,source_registered_control_sweep,7bb021eb93f5cdff20c9c617156cfa3d43d62106baae37306f30f682fa77ed05,16380,451.309669,True,585,898
204.22177311665405,258d83b9,40,161,702363349461181,0.0,True,258d83b9,1025,2401,48,702363356772110,-2.1847374847374845,214.91923076923078,-2.434004884004884,1023.7499999999999,702363800725334,443.953224,source_registered_control_sweep,fa5f71e8b65d993d23b0cb13506e666f324b82c3b0f053654080feb37ce47f34,16380,451.264153,True,67,104
153601.80558617378,0aa7b570,40,162,702363812651215,0.07384004884004884,True,0aa7b570,1025,2401,72,702363820778296,-1.5154456654456654,154886.09188034188,-35.804884004884,1023.7499999999999,702364264740497,443.962201,source_registered_control_sweep,3f8919b2be07725314a19abb79aa3e1300612e0281caa9767d3bc45d9e09dc95,16380,452.089282,True,583,926
117689.95648055711,9308735a,40,163,702364266464505,0.05463980463980464,True,9308735a,1025,2401,72,702364273694311,-0.08015873015873017,119530.37814407815,-42.90006105006105,1023.7499999999999,702364717755578,444.061267,source_registered_control_sweep,0410832be19401f256269617f212174b1d4bce523ff2a52e24fbf0e264c7bd92,16380,451.291073,True,547,845
57938.534903341126,fb150f9e,40,164,702364720187234,0.020054945054945057,True,fb150f9e,1025,2401,72,702364727652094,19.866056166056165,61338.47032967033,-54.82039072039072,1023.7499999999999,702365171730554,444.07846,source_registered_control_sweep,9e156cb4772b95b50935c734c65e6bf0dfabe70faf2722ff7fee556985c3f560,16380,451.54332,True,516,787
19084.962756864967,74faa062,40,165,702365173536628,0.0,True,74faa062,1025,2401,72,702365180752757,5.645054945054945,23547.357203907202,-66.56221001221002,1023.7499999999999,702365624753220,444.000463,source_registered_control_sweep,dd7dfc8b74f6ffe7be387bd2db21c8025758782852ab5e4d693dcc5cf30ae0a8,16380,451.216592,True,401,607
47968.925403340385,e790aa84,40,166,702365626585833,0.014255189255189255,True,e790aa84,1025,2401,72,702365634645517,8.094871794871795,51844.43174603175,-61.725030525030526,1023.7499999999999,702366078751699,444.106182,source_registered_control_sweep,399f257ef6b838d3f96f4e5db944a8b05c6af94f33c8c247bc63419afd184f17,16380,452.165866,True,508,806
143278.6711485723,0e6a2baf,40,167,702366080556811,0.06779609279609279,True,0e6a2baf,1025,2401,72,702366088624019,2.4043345543345542,145604.56208791208,-48.16752136752137,1023.7499999999999,702366532761230,444.137211,source_registered_control_sweep,d8557767f83198259cf196ec123782acb5b0f421b653e794568b6c93a122e594,16380,452.204419,True,584,949
21645.58854814159,2e3a1882,40,168,702366534291903,0.0,True,2e3a1882,1025,2401,72,702366541692401,13.940781440781441,24667.745054945055,-53.17716727716728,1023.7499999999999,702366985855861,444.16346,source_registered_control_sweep,87e6307862084ccc63b608de3b1f23ba2e12f2a636e833dc6587286185ecd333,16380,451.563958,True,425,680
21347.458887144603,8914c7f7,40,169,702366988316783,0.0,True,8914c7f7,1025,2401,72,702366995612352,0.2501831501831502,25935.772527472527,-67.73663003663003,1023.7499999999999,702367439768218,444.155866,source_registered_control_sweep,4627bbf0531b616de4d152dc50382e0ef49533ec8b089ce01cdaa4dfebcc8082,16380,451.451435,True,434,658
20310.413198795846,4c7ff04f,40,170,702367442068416,0.0,True,4c7ff04f,1025,2401,72,702367449599440,-1.8274725274725274,22621.37039072039,-48.03766788766789,1023.7499999999999,702367893798648,444.199208,source_registered_control_sweep,1e115574e82bc81e9811c8f9069244b01b6b0ad53432f7460b7557fbd5474885,16380,451.730232,True,414,659
48802.86384090235,d00e86c6,40,171,702367895397350,0.014438339438339439,True,d00e86c6,1025,2401,72,702367902622035,4.563614163614163,53346.77844932845,-67.2539072039072,1023.7499999999999,702368346770557,444.148522,source_registered_control_sweep,ffb17b74ab721ff6fde36f7107bf91c5de46583ec958c66261717f8a20b511c7,16380,451.373207,True,522,784
22068.10220820829,3538fd3f,40,172,702368348822235,3.0525030525030525e-05,True,3538fd3f,1025,2401,72,702368356670138,-3.3255189255189257,25351.671794871796,-57.20586080586081,1023.7499999999999,702368800820844,444.150706,source_registered_control_sweep,211ce601357e8ff43042f8e16eab018ded4aeeb397f94e6346694f6053a6c5d2,16380,451.998609,True,433,682
21144.96075163881,4ab36395,40,173,702368802697902,3.0525030525030525e-05,True,4ab36395,1025,2401,72,702368810613223,1.850915750915751,25671.745665445666,-67.25592185592186,1023.7499999999999,702369254802190,444.188967,source_registered_control_sweep,c43b7d98f6892ab8a0644ace354bcd96209656ea2b01b745bbf1326d71be8c4b,16380,452.104288,True,425,666
22991.89048489328,968102b3,67,174,702369262742028,0.0,True,968102b3,1025,2401,hardware,702369270662388,2.196947496947497,26236.488095238095,-56.91898656898657,1023.7499999999999,702369714805098,444.14271,source_registered_control_sweep,74c2b2fe3f17ac9c9134b3a191eea7f1b19498870fd9509ddcf482dd42a0b7c0,16380,452.06307,True,471,697
32214.102769894937,6e84afd3,67,175,702369716505622,9.157509157509158e-05,True,6e84afd3,1024,2401,hardware,702369723642562,5.638461538461539,33905.382967032965,-40.73681318681319,1023.7499999999999,702370167829756,444.187194,source_registered_control_sweep,5213ed2612ce77f13e50fe2852208a2a6ef9ce68e5bae7158803cbdf55bd29cf,16380,451.324134,True,569,821
83667.52848533979,7d75c7d2,67,176,702370170385447,0.0002442002442002442,True,7d75c7d2,1025,2401,hardware,702370177670957,-3.988827838827839,83731.2221001221,-6.912515262515263,1023.7499999999999,702370621837272,444.166315,source_registered_control_sweep,bfeaacc27234f75e10e3ef188bcbd95a23656d741089bd5009571bffb33fc86b,16380,451.451825,True,500,832
56377.00552118788,a2424866,67,177,702370624546903,0.021733821733821733,True,a2424866,1025,2401,hardware,702370632673233,-0.7063492063492064,56820.478449328446,-21.046947496947496,1023.7499999999999,702371076824670,444.151437,source_registered_control_sweep,afa8e4ac47784adf2804035413826910117a5dc3b175ce4d3c090fde1793d277,16380,452.277767,True,666,801
12266.824818996633,abc3aa6d,67,178,702371078350323,0.0,True,abc3aa6d,1025,2401,hardware,702371085655471,7.74010989010989,13869.453968253969,-39.277472527472526,1023.7499999999999,702371529837074,444.181603,source_registered_control_sweep,0bce8a9ab627c6a77fee8cb3ad24dfc4ff0c65d7337bb2b56ba6628a8aebab3e,16380,451.486751,True,408,587
15699.165830564092,9c799701,67,179,702371531348802,0.0,True,9c799701,1025,2401,hardware,702371538666503,3.840720390720391,17083.129304029306,-37.002869352869354,1023.7499999999999,702371982830873,444.16437,source_registered_control_sweep,dcfe0251d68dc225beeff82f717cef4aead826d745de838b0bdf34003bd5217b,16380,451.482071,True,475,659
20240.044112787564,3054813e,67,180,702371984305571,0.001678876678876679,True,3054813e,1025,2401,hardware,702371991657797,2.961843711843712,21410.51105006105,-34.08363858363858,1023.7499999999999,702372434938548,443.280751,source_registered_control_sweep,b5c6ccf47231b29d62b4a9fbf462c17d8aa7dc59b0237a4e717efe259c01bd26,16380,450.632977,True,564,665
45637.356352553295,13ae1223,67,181,702372436999543,0.002197802197802198,True,13ae1223,1025,2401,hardware,702372444662086,-2.915079365079365,45853.06813186813,-14.394932844932844,1023.7499999999999,702372887939440,443.277354,source_registered_control_sweep,4488369fca7a988b477c4518dedfa829242cf3a84719ca08542686e77c3e619b,16380,450.939897,True,671,874
13959.990203794645,0bcfe024,67,182,702372893887853,0.0,True,0bcfe024,1025,2401,hardware,702372901658881,9.597313797313797,16047.280647130647,-44.66746031746032,1023.7499999999999,702373344934933,443.276052,source_registered_control_sweep,446df39bd02d997fce8a3f72feea059b80da7df5a42af53f64fd729c35c54c02,16380,451.04708,True,437,590
14690.579776604483,34893c3a,67,183,702373346457260,0.0013125763125763127,True,34893c3a,1025,2401,hardware,702373352973526,-0.6260683760683761,14795.127594627595,-10.205677655677656,1023.7499999999999,702373796935494,443.961968,source_registered_control_sweep,5d9d8eb120e8a38a35916e3c394c882a9248371679983d4ab2ab0d9a080f9fc9,16380,450.478234,True,569,679
9357.420437096818,0d232d3b,67,184,702373798453974,0.0,True,0d232d3b,1024,2401,hardware,702373805012540,-0.515018315018315,10087.480402930403,-27.014713064713064,1023.7499999999999,702374248979007,443.966467,source_registered_control_sweep,b7e438d0ccc9da4a17384db547c928fcb9fd2e608e0d7f945b19dc80334620a8,16380,450.525033,True,294,471
27625.024346760616,79ea88eb,67,185,702374251288161,0.0027472527472527475,True,79ea88eb,1025,2401,hardware,702374258107891,-3.3802808302808303,27820.644261294263,-13.571794871794872,1023.7499999999999,702374701971182,443.863291,source_registered_control_sweep,44887969f9073ff9be8a9fac0774a4a2ae951a7ed015af1337c1ddad63dc26b9,16380,450.683021,True,635,756
123.2467391030486,d69f217c,67,186,702374713830207,0.0,True,d69f217c,1025,2401,24,702374721093305,-5.432661782661783,179.00396825396825,-5.122832722832722,1023.7499999999999,702375164963849,443.870544,source_registered_control_sweep,c1b3de5497251b099453d53b1a9a1abe2ea9aebd1f9d6a3c42c14da02841f4ca,16380,451.133642,True,55,84
74.25863711143015,53f09b22,67,187,702375167216878,0.0,True,53f09b22,1025,2401,24,702375174042078,-4.977594627594628,126.61617826617827,-5.251770451770452,1023.7499999999999,702375617982104,443.940026,source_registered_control_sweep,1ba2314c87ac56a3940c071a14b5e15732bb83966ab667bc17740eafc11b8a8b,16380,450.765226,True,42,59
5115.41135146125,aa23e4bb,67,188,702375620247426,0.00021367521367521368,True,aa23e4bb,1025,2401,24,702375627092824,-5.033760683760684,5165.629365079365,-4.987912087912088,1023.7499999999999,702376071025205,443.932381,source_registered_control_sweep,5501499c745a85da73dc3a4d1a0987504ba3fc99b19a78492ceb44094f1ef51d,16380,450.777779,True,160,246
35.509153390701016,7aa4c273,67,189,702376073042017,0.0,True,7aa4c273,1025,2401,24,702376080064621,-5.117338217338217,86.98467643467643,-5.028754578754579,1023.7499999999999,702376523972696,443.908075,source_registered_control_sweep,6fbcc784a88ec49e6499e03c7d5e0e481835113110336a34c8ec483d53586ed2,16380,450.930679,True,36,46
88.54912572436382,e156cc1a,67,190,702376525602967,0.0,True,e156cc1a,1025,2401,24,702376533072014,-5.176068376068376,139.57509157509156,-4.922832722832723,1023.7499999999999,702376977295335,444.223321,source_registered_control_sweep,2971b0cec0615d66baad4fc020ffc4a708df5153d2b190353b6eb0c430639b59,16380,451.692368,True,45,67
127.0533560798854,1bbf85a5,67,191,702376979526202,0.0,True,1bbf85a5,1025,2401,24,702376987111298,-5.076617826617826,170.68247863247862,-4.225763125763126,1023.7499999999999,702377431068686,443.957388,source_registered_control_sweep,9dfd30a25a24df38c7d98f065100f62fbbd3f4843ee9d556cba4dc634c4890d0,16380,451.542484,True,46,72
82.73237074755389,9128cee0,67,192,702377433211607,0.0,True,9128cee0,1025,2401,24,702377440162975,-5.457814407814408,134.38058608058608,-4.675518925518926,1023.7499999999999,702377883991089,443.828114,source_registered_control_sweep,3a875e23730d9cf8b89e288999a4badb00649cdbb8ab142cf2c768a20b38dba9,16380,450.779482,True,51,78
1954.2020487140724,c03b0fba,67,193,702377885816679,0.0,True,c03b0fba,1025,2401,24,702377893208911,-5.3147130647130645,2007.2131257631258,-4.9764346764346765,1023.7499999999999,702378337028809,443.819898,source_registered_control_sweep,519c343e0f24446449e9469a75d444ff254fa8b0d362c4576adc64c3f2cb080a,16380,451.21213,True,127,202
419.1183895530599,283b1f5d,67,194,702378338837077,0.0,True,283b1f5d,1025,2401,24,702378346102680,-4.464652014652015,460.61953601953604,-4.6441391941391945,1023.7499999999999,702378790085606,443.982926,source_registered_control_sweep,31861580a52ddf66ad237e40811ca637eed219d4e23d267fc9dd43a1312391b5,16380,451.248529,True,105,164
131.5703914620856,45d786be,67,195,702378791778285,0.0,True,45d786be,1025,2401,24,702378799070508,-5.107448107448107,180.2456043956044,-4.752808302808303,1023.7499999999999,702379243039347,443.968839,source_registered_control_sweep,5abd2013eb646b0004237d1195b12ce4d2a75975421f222092ea67c5b739bee4,16380,451.261062,True,54,82
92.37572018572935,61277318,67,196,702379244723691,0.0,True,61277318,1025,2401,24,702379252113178,-5.9071428571428575,151.89297924297924,-4.962148962148962,1023.7499999999999,702379696020310,443.907132,source_registered_control_sweep,f206f898c50a732e95991dd75505feae7df9df9b02f94d3dd54de37f372fdd42,16380,451.296619,True,48,71
5247.505433552338,7f385770,67,197,702379697415277,0.0,True,7f385770,1025,2401,24,702379705115451,-5.180402930402931,5297.340415140415,-4.7956654456654455,1023.7499999999999,702380149034857,443.919406,source_registered_control_sweep,86dd1c6d6c55479ed1f8376342dff75b9f06428b44c8946528598d5f169b0523,16380,451.61958,True,157,247
13062.398994168563,d1dd3116,67,198,702380160966118,0.0,True,d1dd3116,1025,2401,48,702380168247781,-4.094932844932845,13095.962454212455,-4.098168498168498,1023.7499999999999,702380612040176,443.792395,source_registered_control_sweep,7713b8a48078372e2433a9441868261a30a5f4371172ac6f44b0d3e2c577ca93,16380,451.074058,True,463,656
21119.21060096666,19e03e08,67,199,702380614114317,0.0,True,19e03e08,1025,2401,48,702380621123474,-3.6839438339438337,21153.23308913309,-4.522283272283272,1023.7499999999999,702381065046667,443.923193,source_registered_control_sweep,28cff22fae841d4502a67433f3932e5b3363443e2ecdeb2d111ce56e535d1381,16380,450.93235,True,510,717
948.6886322065532,84245b89,67,200,702381066992234,0.0,True,84245b89,1025,2401,48,702381074158069,-4.52032967032967,986.8873626373627,-4.214896214896215,1023.7499999999999,702381518037157,443.879088,source_registered_control_sweep,7c582b7219ae996b7f34218574c901960e7ecbb05796ebe8d6c2212565bc2f3f,16380,451.044923,True,135,153
24781.346093370063,f80bc33e,67,201,702381519504922,0.0,True,f80bc33e,1025,2401,48,702381527243408,-4.150854700854701,24822.414285714287,-4.882478632478633,1023.7499999999999,702381971059658,443.81625,source_registered_control_sweep,385ab11a711c7dcf6deec769a943d0ec29c9c543f51d9d0eb668b115f916868e,16380,451.554736,True,569,873
24078.916018604243,7453eb96,67,202,702381973768789,0.0,True,7453eb96,1025,2401,48,702381981181389,-3.993101343101343,24112.560927960927,-4.207142857142857,1023.7499999999999,702382424918610,443.737221,source_registered_control_sweep,2b0edfba8112e83a51f7bf4bdb14a8331d27bd23556a9f7eb5ef26e272b09f10,16380,451.149821,True,556,849
2766.3241300515383,df7c0953,67,203,702382426928248,0.0,True,df7c0953,1025,2401,48,702382434174775,-4.988400488400488,2804.836446886447,-3.691636141636142,1023.7499999999999,702382877920551,443.745776,source_registered_control_sweep,a4c79baec3bedc9dec14c17d919117d809019d8eff6ab1eb3a435d31deab40a5,16380,450.992303,True,223,339
22896.037412245194,ac959470,67,204,702382879552656,0.0002747252747252747,True,ac959470,1025,2401,48,702382887191094,-4.102136752136752,22930.038827838827,-4.1441391941391945,1023.7499999999999,702383330922844,443.73175,source_registered_control_sweep,0a9473b8298074185e9757fefcf158e5e7ff718d46cb6f3632d9640959e8826f,16380,451.370188,True,487,659
384.98992826804187,be9787b5,67,205,702383332255833,0.0,True,be9787b5,1025,2401,48,702383339157378,-3.8446275946275947,414.0819291819292,-3.782967032967033,1023.7499999999999,702383783074247,443.916869,source_registered_control_sweep,699226c1ef70aa770c8294ddc4c1b0a2bd1be2d8f0582f7e276af4826628a1af,16380,450.818414,True,93,139
155952.72356383273,4706138e,67,206,702383784631210,0.04242979242979243,True,4706138e,1025,2401,48,702383792262524,-3.4135531135531134,155978.07313797314,-3.700976800976801,1023.7499999999999,702384236078784,443.81626,source_registered_control_sweep,f601de4f428a1b22a302fc6e660d5dbe9e23fc279faa99a2f8ec335345e1ad82,16380,451.447574,True,585,988
91035.21347075561,ea734275,67,207,702384237747407,0.011446886446886446,True,ea734275,1025,2401,48,702384245220703,-1.6655067155067156,91054.74536019536,-4.093650793650793,1023.7499999999999,702384689094992,443.874289,source_registered_control_sweep,dae672ffac2f46ffa17560265119370b7ddd37af372ba9ea15251fdf1cc5383e,16380,451.347585,True,584,1020
150.5592515925941,8027069c,67,208,702384691461314,0.0,True,8027069c,1025,2401,48,702384699405470,-4.344993894993895,177.61056166056167,-2.858730158730159,1023.7499999999999,702385143119315,443.713845,source_registered_control_sweep,178732985d1a90a3080c635645259f963e2d42a7691acc47596486cd914f82b3,16380,451.658001,True,44,64
168.75889187803108,54d66f6c,67,209,702385145542305,0.0,True,54d66f6c,1025,2401,48,702385153203976,-4.4523199023199025,203.32942612942614,-3.8402319902319904,1023.7499999999999,702385597115385,443.911409,source_registered_control_sweep,d8cc9ccae7b5b15085edd798d15bde404bc6c8f15c9f8d3eda68f8414f551642,16380,451.57308,True,49,73
28795.225690786283,4f52b972,67,210,702385609027821,3.0525030525030525e-05,True,4f52b972,1025,2401,72,702385616260171,11.933028083028082,32796.095543345546,-62.11660561660562,1023.7499999999999,702386060096307,443.836136,source_registered_control_sweep,b106fd0014acdecd18aaecabc20c9cbb64803dae54539acc976951d6cf5872d1,16380,451.068486,True,470,728
33332.486467780625,6e2c96db,67,211,702386062319940,0.0001221001221001221,True,6e2c96db,1025,2401,72,702386070208540,7.488095238095238,37264.36544566545,-62.255982905982904,1023.7499999999999,702386514112064,443.903524,source_registered_control_sweep,e99545706750cb9ae5ecc5b18a42740f4d82d6be9b74198ccf110284925df732,16380,451.792124,True,500,784
359247.69779757614,d72d1705,67,212,702386516073752,0.19377289377289378,True,d72d1705,1025,2401,72,702386523250447,-5.464468864468865,359508.3384615385,-15.19145299145299,1023.7499999999999,702386967111891,443.861444,source_registered_control_sweep,ac7713e241d649da0cd7ad026b49829e1535a3b4d83666e989955ccc2ba376fc,16380,451.038139,True,585,936
411378.670022836,33534ed3,67,213,702386968653124,0.22347374847374848,True,33534ed3,1025,2401,72,702386976256385,2.023199023199023,411389.51923076925,-2.5992063492063493,1023.7499999999999,702387420116115,443.85973,source_registered_control_sweep,8d12f33dc39023a6cb4169001943bf7875027254639f60b728e1b7e8bbb8a058,16380,451.462991,True,569,805
29866.064415126995,fca3688d,67,214,702387421890649,3.0525030525030525e-05,True,fca3688d,1025,2401,72,702387429345099,2.2507326007326007,32796.65225885226,-54.088095238095235,1023.7499999999999,702387873117545,443.772446,source_registered_control_sweep,ab853763fcef43d7210aad3f853b1953be573f2a407f1e92aed4062b17c218c9,16380,451.226896,True,476,765
28050.82873076252,efb97f89,67,215,702387874496762,0.0,True,efb97f89,1025,2401,72,702387882355245,-1.9851648351648352,30684.11123321123,-51.27710622710623,1023.7499999999999,702388326122290,443.767045,source_registered_control_sweep,232ffa95ede432a324c79486d46fefcefefe4c6bdc24560aa380edde1c6da2cd,16380,451.625528,True,457,730
31422.14576633853,01310d21,67,216,702388327709250,0.0001221001221001221,True,01310d21,1025,2401,72,702388335309515,5.5506105006105,34799.3938949939,-57.8484126984127,1023.7499999999999,702388779145450,443.835935,source_registered_control_sweep,5fbf557bfd5088f4ea3872890eb30a78d1cfc0b7a30adf4b9e068428f0c7b8ad,16380,451.4362,True,491,770
34072.78611620234,bfa3819e,67,217,702388780975319,0.00021367521367521368,True,bfa3819e,1025,2401,72,702388788300825,-7.007936507936508,37142.65457875458,-54.96141636141636,1023.7499999999999,702389232135628,443.834803,source_registered_control_sweep,15d083d61a3b9d3518376763d3fca905afb19aaeb5d1fd7e7c05a7cc8f83add6,16380,451.160309,True,515,800
31022.81191299882,6574360b,67,218,702389233895124,0.0,True,6574360b,1025,2401,72,702389241374440,-3.0861416361416363,33612.06446886447,-50.79102564102564,1023.7499999999999,702389685126727,443.752287,source_registered_control_sweep,f6f25ac03215caca567f7ac8b9fade3ed2bd7621c5b3067a70e5774ede9c5926,16380,451.231603,True,493,773
319602.15705929534,809709ba,67,219,702389686923233,0.16633089133089132,True,809709ba,1025,2401,72,702389694324151,-1.5652014652014652,319948.38107448106,-18.541147741147743,1023.7499999999999,702390138161429,443.837278,source_registered_control_sweep,fed1f6377a0d3d9f4117398724e4f9f3e5d86501ac57c9ec1bcce4d05c9f25fa,16380,451.238196,True,585,961
272386.86664421076,deed7b83,67,220,702390139691481,0.11028693528693528,True,deed7b83,1025,2401,72,702390147314329,8.418681318681319,273570.5579365079,-33.35891330891331,1023.7499999999999,702390591159281,443.844952,source_registered_control_sweep,f32bd31d3ef5ce4c226e179ef724fb833511ce077df0c417c795d5fd25d0eb36,16380,451.4678,True,585,1024
264311.01717316225,d8c271f3,67,221,702390593031389,0.1357142857142857,True,d8c271f3,1025,2401,72,702390600298335,-2.162148962148962,264550.19884004886,-15.313614163614163,1023.7499999999999,702391044172041,443.873706,source_registered_control_sweep,d0699f7bdd196673070560ba726f9aa6a1f93a3be22b2384214526ac2c831c8a,16380,451.140652,True,582,946
6420.780554735591,b0329100,12,222,702391053105826,0.0,True,b0329100,1025,2402,hardware,702391060425722,-1.404212454212454,8773.445177045178,-48.48394383394383,1023.7499999999999,702391504170805,443.745083,source_registered_LO_check,f06cdd32f16059fbabee7f713087213b896caebf012ae4143394437add66e6ef,16380,451.064979,True,263,397
22450.23852489933,2873adce,12,223,702391506438781,0.003540903540903541,True,2873adce,1025,2402,hardware,702391514281996,-1.84993894993895,22469.221367521368,-3.944688644688645,1023.7499999999999,702391958219773,443.937777,source_registered_LO_check,1162e8c063bccf5a4dd81671157a865c44787200797b2b75605b97b36052466d,16380,451.780992,True,505,673
7861.159239878288,939232be,12,224,702391960929344,0.0,True,939232be,1025,2402,hardware,702391968340162,12.327106227106228,10089.059584859584,-45.56251526251526,1023.7499999999999,702392412180003,443.839841,source_registered_LO_check,505d5cc9110c9554f1f373e250989bf0db52efb3241b60cc5644ccecc804874c,16380,451.250659,True,301,448
6858.8587022799475,9c4f0f5f,12,225,702392414819342,0.0,True,9c4f0f5f,1025,2402,hardware,702392422404028,13.478632478632479,8805.455433455434,-42.010989010989015,1023.7499999999999,702392866186421,443.782393,source_registered_LO_check,8ac600ccdb92d69d19706835cc231fb87aea5e4d3990c58d8cf23073ba1fc174,16380,451.367079,True,283,416
6457.231086761902,dc00873d,12,226,702392868832272,0.0,True,dc00873d,1025,2402,hardware,702392876323942,11.076862026862027,8778.221062271063,-46.88595848595848,1023.7499999999999,702393320216443,443.892501,source_registered_LO_check,ebd1d91df40c00e99d8880dc5491bfa99a7e3472ab762840633a15f1f7f9b8b7,16380,451.384171,True,270,403
16462.06665255956,25f7a80a,12,227,702393322082851,0.0027472527472527475,True,25f7a80a,1025,2402,hardware,702393329275235,2.5705738705738708,16683.22545787546,-14.647557997557998,1023.7499999999999,702393773213542,443.938307,source_registered_LO_check,459b3db167668496883d9bcebd4e9fb9efa11f4996a83752d2f449476cbccf94,16380,451.130691,True,538,658
5995.790727807669,642863b9,12,228,702393774960775,0.0,True,642863b9,1025,2402,hardware,702393782332428,11.437301587301587,8119.418315018315,-44.64096459096459,1023.7499999999999,702394226304960,443.972532,source_registered_LO_check,46969e34d7ad43501a7fa0a03ae30d41779b1d702a44131106e62d89a448f25e,16380,451.344185,True,287,427
12069.46580820143,9cb72337,12,229,702394229020553,0.0018315018315018315,True,9cb72337,1025,2402,hardware,702394236395963,10.6504884004884,13401.987057387058,-34.91544566544567,1023.7499999999999,702394680235704,443.839741,source_registered_LO_check,b9db102a33575f7331816a0c885c166b586a738f6ab5ff27b0b2637265827fe4,16380,451.215151,True,366,472
12793.025182542664,24358c28,12,230,702394681909728,0.002442002442002442,True,24358c28,1025,2402,hardware,702394689218633,16.0996336996337,14874.194566544567,-42.684554334554335,1023.7499999999999,702395133211664,443.993031,source_registered_LO_check,7224349fdba4568e59cb2bb5c05ed6fdd75545d12fcc904c91401c7814919131,16380,451.301936,True,395,505
6723.681216867856,1c510ab3,12,231,702395135192427,0.0,True,1c510ab3,1025,2402,hardware,702395143260707,20.49352869352869,9598.08199023199,-49.54206349206349,1023.7499999999999,702395587237146,443.976439,source_registered_LO_check,921349a75af588f58f725ed0dc8baf9b5a0a079d177d25651c591239239421a9,16380,452.044719,True,253,392
4513.081638553076,5e4733f8,12,232,702395588617095,0.0,True,5e4733f8,1025,2402,hardware,702395596225926,11.21984126984127,6295.9932234432235,-40.706593406593406,1023.7499999999999,702396040244555,444.018629,source_registered_LO_check,3ea911142a32d588cfa83bc61b8857ba9391cae859aa909dba724348a74d00be,16380,451.62746,True,265,398
12292.004676203594,0b04c1d6,12,233,702396041864887,0.002380952380952381,True,0b04c1d6,1025,2402,hardware,702396049305872,9.49004884004884,14258.124297924298,-43.31349206349206,1023.7499999999999,702396493279946,443.974074,source_registered_LO_check,ce3dac9997bd9df71169c159b91e3cd4e1367409d5c6d5dd5885c015f7faa6de,16380,451.415059,True,370,480
7087.918301951068,9f6991d4,12,234,702396496369976,0.0,True,9f6991d4,1025,2402,hardware,702396504260400,-4.709096459096459,9078.890476190476,-44.37112332112332,1023.7499999999999,702396948266575,444.006175,source_registered_LO_check,e1d42949c0800c2b50974846f0ccfb8a9f326551955dc6cac7e2bdd23adf5587,16380,451.896599,True,306,444
6824.60302493362,1fe8194a,12,235,702396949628189,0.0,True,1fe8194a,1025,2402,hardware,702396957255335,-8.473199023199022,9525.144993894994,-51.271306471306474,1023.7499999999999,702397401262031,444.006696,source_registered_LO_check,47af6e4170d344d46efc28f7c1b6a28cdb0060126e9146baa86459fafa441d59,16380,451.633842,True,259,404
6695.327580371399,0c2b1577,12,236,702397402675903,0.0,True,0c2b1577,1025,2402,hardware,702397410373612,20.224725274725273,9551.426923076922,-49.46776556776557,1023.7499999999999,702397854269879,443.896267,source_registered_LO_check,612fbcd769339bdcde9ab78657eb7021d8aa5e0e48daec14a7f21c7559a0696a,16380,451.593976,True,288,425
6540.159326496323,28f55223,12,237,702397855810041,0.0,True,28f55223,1025,2402,hardware,702397863335384,13.595482295482295,8427.077777777778,-41.25628815628816,1023.7499999999999,702398307254074,443.91869,source_registered_LO_check,22046ee341f6b9ad4c2e9ceae4150a452a748f2f253d486d30c12a9b741fdee3,16380,451.444033,True,286,412
12140.646160964934,d2c1876c,12,238,702398308682914,0.0018925518925518926,True,d2c1876c,1025,2402,hardware,702398316202707,5.8448717948717945,13518.371306471307,-36.65463980463981,1023.7499999999999,702398760296658,444.093951,source_registered_LO_check,f3d372a725be0fbdc8cb8c6034a2ab9c27bb0ffade9e2d65ff305ccecfbda188,16380,451.613744,True,386,477
7050.20195926716,ba621256,12,239,702398762275488,0.0,True,ba621256,1025,2402,hardware,702398770197080,4.23956043956044,8449.273748473748,-37.16312576312576,1023.7499999999999,702399214372134,444.175054,source_registered_LO_check,5aa9841d4f4f8887d24364803ad0800fb9e7198b82c946a8649a7d8712a22a4c,16380,452.096646,True,281,411
22456.313423820113,09ecdc44,12,240,702399216862121,0.004609279609279609,True,09ecdc44,1025,2402,hardware,702399224213856,3.4836996336996338,23129.583028083027,-25.71251526251526,1023.7499999999999,702399668286596,444.07274,source_registered_LO_check,c196d358a83e043e51a5c84b56924427676b63efbfbc32e87a351bf0ac16c0e2,16380,451.424475,True,519,649
12119.119997029495,63c5dcbe,12,241,702399669770110,0.0017704517704517705,True,63c5dcbe,1025,2402,hardware,702399677247854,8.213492063492064,14564.781135531135,-48.766788766788764,1023.7499999999999,702400121323088,444.075234,source_registered_LO_check,477fa4026354a89db8427b3bcfaa57be08922ccf9dce0cb531bd71b625b1a92f,16380,451.552978,True,445,545
7865.004807610311,bc6c8ec8,12,242,702400122863430,0.0,True,bc6c8ec8,1025,2402,hardware,702400130124815,12.037484737484737,10268.644627594627,-47.52619047619048,1023.7499999999999,702400574313904,444.189089,source_registered_LO_check,a03d22683caf49b1147bc9bc489add8e0c5d69691fdb6a4c70c2acf3f541101b,16380,451.450474,True,358,498
13620.511013237205,03644f1f,12,243,702400576568676,0.0009462759462759463,True,03644f1f,1025,2402,hardware,702400584164353,4.533821733821734,14318.343345543346,-26.024542124542126,1023.7499999999999,702401028337863,444.17351,source_registered_LO_check,044a67738e434de38ca948065748fa46ea601d7984e89403a7fd2bedd0e6a241,16380,451.769187,True,422,531
7762.284684153522,e9a534e0,12,244,702401030304780,0.0,True,e9a534e0,1025,2402,hardware,702401038159827,9.21935286935287,10318.912759462759,-49.71550671550671,1023.7499999999999,702401482318038,444.158211,source_registered_LO_check,3426aa61b744d099d040a8b2c45cb630f3e0d880ca3058da4288ccd27b92b05e,16380,452.013258,True,305,445
19764.797082000892,3b04b757,12,245,702401483904337,0.004884004884004884,True,3b04b757,1025,2402,hardware,702401491138159,1.1023199023199024,19902.72796092796,-11.692551892551892,1023.7499999999999,702401935335584,444.197425,source_registered_LO_check,325a548b09486a427e87e95f8168dd6978d7a98c070555dc03dfef8020745e5b,16380,451.431247,True,542,676
