capture,payload_bytes,crc32,payload_sha256,manual_bit_before,manual_bit_after,ac_power_codes_squared,component_endpoint_fraction
0,40950,292787a0,ed3ea02767d08034bc08430e315f87d212f36d44398808e569a09a1c64e295fb,1,1,83.3363545994773,0.0
1,40950,f71ed4b3,9d61ef00431179d8b31f0463f20841f68c35eaaf8d1c874854af871fa3b948c9,1,1,70.21400438457215,0.0
2,40950,edcfb4fe,ccf3ba316e454e9db5a69d00b32a45fd3bed57910a7ee0a73e6da6f9f8588b28,1,1,62.61332514487276,0.0
3,40950,f511645f,67ba5e172ac579e8f31b893790b5a38a8d7210e33927937aa3aef4e70692e9ec,1,1,70.60155660510974,0.0
4,40950,c88095b8,5dbb129c5fab967dcdfc1c68b96d357ef152091f6fe68b2c653aeabfb7a114dd,1,1,74.40986379649382,0.0
5,40950,8dfa5caa,a96527b1adccca64380e9a9dabd2030a112baa729dab2fd4f779b15288822531,1,1,81.39465909243381,0.0
6,40950,13de7c1b,84eeb6e71cdd5e58a42cdcf5d18596d61cf97f83b26837fb0035a8880a99a58f,1,1,70.69204275442371,0.0
7,40950,c58a9f78,a4a7798e15e05ef4e8f5dc43b0c313bb27ba9e969379b41c401de4d1fd2e8be9,1,1,67.07903279260421,0.0
8,40950,d301c204,9c4811d11dd97cd4c29a5a854104169c7aa575768dc535dc5d1289612d698f43,1,1,75.38693024042841,0.0
9,40950,0e65ae72,db6be5ddc7999b14bc63c94956ee73e61695b12ddc3270010e536570068c2eea,1,1,63.90420036346776,0.0
10,40950,483e1b8a,538e23883ab696f5fbc687d45e7717886772377ffa948e66eecbdb5595a4233b,1,1,67.493380201741,0.0
11,40950,ab9df367,d3a69938f757dc9262c9cc10ff82a5fc271e57885d86c4ace2ac4fe2fd8b08c2,1,1,82.04393775875461,0.0
12,40950,e0fe6207,29c2625acc22c28b4eb48cadc1e3a6b6cd452bd4e679ac63fa7af308b2334b77,1,1,75.12525177745874,0.0
13,40950,5dd507dd,a69f1401aa7840bc177126679aeb179c72e5ff934a9cb02f55e19f32494bb834,1,1,72.55106767909881,0.0
14,40950,e3f6e7bc,47ff2d19dc0b77d7ee2edfcc11b3b251f9c5e3a582f242aba5fd764f3a72f802,1,1,76.24194435872091,0.0
15,40950,fa0229e4,005fe5b063fcb7bc834905d75a16d867cce59e723573c5b475c365df57619a78,1,1,69.27594876192862,0.0
16,40950,85427d55,08acb9af6dbbf8462508b672c90b2a17e4fad846ff709bac3595603ab3235418,1,1,56.08412405834567,0.0
17,40950,29ff9426,073c47b142040501ec4899f6facf60ca24d2d236f32f4b810b416df34838ed4d,1,1,67.62128212209714,0.0
18,40950,627137ca,ac1c1a3424fd5b05b475d2314d4d4ab7af8a552eca029b32b70cd28f0c79bd61,1,1,40759.55237248066,0.008272283272283272
19,40950,fe5070ce,646568ac23c9e4a5c1b7f1a4ec2bb8be28c7545d1729d7d55f47bd92638c2151,1,1,60.723040777564584,0.0
