sequence,nominal_start_seconds,nominal_end_seconds,nominal_phase,owned_reports,owned_cumulative,host_line_start_ns,host_line_end_ns
1,0.0,1.001768,transition_guard,0,0,746933978053895,746934178262638
2,1.001768,2.011764,transition_guard,0,0,746935079821757,746935179940501
3,2.011764,3.021764,initial_off,0,0,746936081577496,746936181746755
4,3.021764,4.031764,initial_off,0,0,746937083395852,746937183501891
5,4.031764,5.041764,initial_off,0,0,746938085057320,746938185254652
6,5.041764,6.051764,initial_off,0,0,746939087174999,746939187278473
7,6.051764,7.06178,initial_off,0,0,746940089061159,746940189154784
8,7.06178,8.071764,initial_off,0,0,746941091392510,746941191483941
9,8.071764,9.081764,initial_off,0,0,746942093240024,746942193347786
10,9.081764,10.091764,transition_guard,0,0,746943097666935,746943197764708
11,10.091764,11.10176,transition_guard,3,3,746944099508596,746944199587463
12,11.10176,12.111768,transition_guard,13,16,746945101232221,746945301492779
13,12.111768,13.12176,max255_episode0,12,28,746946102956227,746946303192989
14,13.12176,14.131764,max255_episode0,12,40,746947104845022,746947305251475
15,14.131764,15.141772,transition_guard,15,55,746948207424129,746948307587325
16,15.141772,16.151764,transition_guard,7,62,746949209215938,746949309320212
17,16.151764,17.161764,transition_guard,0,62,746950211217853,746950311318791
18,17.161764,18.171764,off_after0,0,62,746951212989221,746951313119224
19,18.171764,19.181764,off_after0,0,62,746952215005701,746952315143448
20,19.181764,20.191776,off_after0,0,62,746953216927671,746953317023859
21,20.191776,21.201776,transition_guard,0,62,746954218684708,746954318791987
22,21.201776,22.211776,transition_guard,6,68,746955220393382,746955320491313
23,22.211776,23.221768,transition_guard,16,84,746956223309337,746956323390216
24,23.221768,24.231776,max0_episode1,12,96,746957225531209,746957425773780
25,24.231776,25.241776,max0_episode1,11,107,746958227769601,746958428076774
26,25.241776,26.251768,transition_guard,16,123,746959229529937,746959429773069
27,26.251768,27.261776,transition_guard,3,126,746960331743746,746960431870110
28,27.261776,28.271764,transition_guard,0,126,746961333760564,746961433888752
29,28.271764,29.281764,off_after1,0,126,746962335618802,746962435725759
30,29.281764,30.291776,off_after1,0,126,746963337719366,746963437827656
31,30.291776,31.301776,off_after1,0,126,746964339501597,746964439618443
32,31.301776,32.311776,transition_guard,0,126,746965341409595,746965441573199
33,32.311776,33.321776,transition_guard,8,134,746966344213515,746966444321394
34,33.321776,34.331768,transition_guard,14,148,746967346490408,746967446603817
35,34.331768,35.34178,max255_episode2,10,158,746968348482581,746968448609255
36,35.34178,36.351764,max255_episode2,11,169,746969350231092,746969450310727
37,36.351764,37.361772,transition_guard,15,184,746970352256886,746970552556831
38,37.361772,38.371764,transition_guard,2,186,746971354372538,746971554593895
39,38.371764,39.38178,transition_guard,0,186,746972356243326,746972556504658
40,39.38178,40.391776,off_after2,0,186,746973458594856,746973558713163
41,40.391776,41.401764,off_after2,0,186,746974460405948,746974560522262
42,41.401764,42.411764,transition_guard,0,186,746975462069761,746975562222093
43,42.411764,43.42178,transition_guard,0,186,746976463920747,746976564039304
44,43.42178,44.431776,transition_guard,8,194,746977465991587,746977566060039
45,44.431776,45.441768,transition_guard,13,207,746978469035075,746978569224616
46,45.441768,46.451764,max0_episode3,12,219,746979471961340,746979572099164
47,46.451764,47.461768,transition_guard,12,231,746980474593247,746980574752321
48,47.461768,48.471768,transition_guard,12,243,746981477286349,746981578749960
49,48.471768,49.481776,transition_guard,0,243,746982481192604,746982581349724
50,49.481776,50.491764,transition_guard,0,243,746983483766057,746983685204483
51,50.491764,51.501764,off_after3,0,243,746984487902805,746984688498096
52,51.501764,52.51178,off_after3,0,243,746985491064719,746985691317792
53,52.51178,53.521764,transition_guard,0,243,746986593099321,746986693232184
54,53.521764,54.531764,transition_guard,0,243,746987594902943,746987695028512
55,54.531764,55.541768,transition_guard,14,257,746988596774141,746988696878761
56,55.541768,56.551768,max255_episode4,11,268,746989598543425,746989698649337
57,56.551768,57.56176,max255_episode4,13,281,746990600251252,746990700454949
58,57.56176,58.571772,transition_guard,14,295,746991602226574,746991702404512
59,58.571772,59.58176,transition_guard,11,306,746992604249033,746992704345106
60,59.58176,60.591776,transition_guard,0,306,746993606061304,746993706156285
61,60.591776,61.601764,transition_guard,0,306,746994608057732,746994708165126
62,61.601764,62.611764,off_after4,0,306,746995609769079,746995709844573
63,62.611764,63.62178,off_after4,0,306,746996611841759,746996812046367
64,63.62178,64.631764,transition_guard,0,306,746997613879581,746997814065484
65,64.631764,65.64178,transition_guard,3,309,746998615587528,746998815770035
66,65.64178,66.651768,transition_guard,14,323,746999717466699,746999817532734
67,66.651768,67.661772,max0_episode5,8,331,747000719232002,747000819344265
68,67.661772,68.67176,max0_episode5,12,343,747001721645089,747001821756710
69,68.67176,69.681768,transition_guard,11,354,747002723666664,747002823775991
70,69.681768,70.691764,transition_guard,9,363,747003725488982,747003825586376
71,70.691764,71.701764,transition_guard,0,363,747004727515634,747004827626965
72,71.701764,72.711764,off_after5,0,363,747005729194127,747005829268397
73,72.711764,73.721764,off_after5,0,363,747006731171755,747006831260472
74,73.721764,74.731764,off_after5,0,363,747007733377052,747007833488091
75,74.731764,75.741776,off_after5,0,363,747008735058186,747008935443223
76,75.741776,76.75178,off_after5,0,363,747009737222924,747009937456163
77,76.75178,77.761776,off_after5,0,363,747010739160200,747010939374033
78,77.761776,78.77178,off_after5,0,363,747011840986564,747011941133611
79,78.77178,79.781764,off_after5,0,363,747012843063803,747012943168570
80,79.781764,80.791764,off_after5,0,363,747013844967161,747013945078541
81,80.791764,81.801764,off_after5,0,363,747014846898532,747014947023006
82,81.801764,82.811764,off_after5,0,363,747015848928768,747015949041800
83,82.811764,83.821764,off_after5,0,363,747016851118324,747016951242237
84,83.821764,84.831764,off_after5,0,363,747017852729906,747017952884256
85,84.831764,85.841764,off_after5,0,363,747018854742655,747018954859845
86,85.841764,86.851764,off_after5,0,363,747019856592796,747019956626999
87,86.851764,87.861776,off_after5,0,363,747020858200457,747020958279154
88,87.861776,88.87178,off_after5,0,363,747021860239884,747022060492537
89,88.87178,89.881776,transition_guard,0,363,747022861859245,747023062046224
90,89.881776,90.09289,transition_guard,0,363,747023162302707,747023287881511
