kind,sequence,sample_index,samples_processed,ffts,flags,gain_code,crc32,received_relative_seconds,minimum_power_code,maximum_power_code,mean_power_code
spectrum,0,19040,512,1,8,60,fb682604,0.00890388700645417,0,100,33.46875
spectrum,1,659840,512,1,8,60,ecad191c,0.01692494796589017,0,98,30.380859375
spectrum,2,1297120,512,1,8,60,f9fb3b3f,0.024843876948580146,0,99,30.060546875
spectrum,3,2016320,512,1,8,60,ed72d6c0,0.03383395599666983,0,101,30.041015625
spectrum,4,2658960,512,1,8,37,6df13f7c,0.04181752703152597,0,125,29.60546875
spectrum,5,3298960,512,1,8,38,000005be,0.05088830797467381,0,125,30.619140625
spectrum,6,4016640,512,1,8,60,8d42b92e,0.059500865056179464,0,98,28.873046875
spectrum,7,4657120,512,1,8,35,11205321,0.06852648197673261,0,116,36.36328125
spectrum,8,5299040,512,1,8,63,e686fa66,0.07706989801954478,0,106,33.017578125
spectrum,9,6016640,512,1,8,62,0a91696e,0.08386169001460075,0,108,32.359375
spectrum,10,6659040,512,1,8,61,cd1891ae,0.09191717696376145,0,104,30.8203125
spectrum,11,7297520,512,1,8,61,75ec7dc7,0.10222753696143627,0,107,31.732421875
spectrum,12,8016640,512,1,8,61,6ad4d593,0.10881998296827078,0,102,30.171875
spectrum,13,8657440,512,1,8,61,eac691c3,0.11680940398946404,0,107,30.623046875
spectrum,14,9297440,512,1,8,61,55ec1a91,0.13024313596542925,0,104,30.580078125
spectrum,15,10016640,512,1,8,58,c302ba06,0.13379731099121273,0,95,28.3203125
spectrum,16,10658960,512,1,8,59,bd73cd0c,0.14185124402865767,0,98,29.67578125
spectrum,17,11298240,512,1,8,60,68e30620,0.14984028495382518,0,90,30.8203125
spectrum,18,12016320,512,1,8,37,8b60395b,0.15881612803786993,0,119,32.447265625
spectrum,19,12657120,512,1,8,59,678156fe,0.16692083701491356,0,98,29.43359375
spectrum,20,13297120,512,1,8,59,6ac03931,0.17488452000543475,0,90,29.505859375
spectrum,21,14016960,512,1,8,61,2320b1e9,0.18389227194711566,0,107,31.19921875
spectrum,22,14658240,512,1,8,63,57bc40e7,0.1919119410449639,0,106,32.556640625
spectrum,23,15297120,512,1,8,61,c8cc1d67,0.1998663570266217,0,103,31.431640625
spectrum,24,16016640,512,1,8,62,f883b5f6,0.20934788300655782,0,102,32.029296875
spectrum,25,16657120,512,1,8,59,8a97cf77,0.2168736100429669,0,95,30.380859375
spectrum,26,17297120,512,1,8,60,46666d3b,0.22485638898797333,0,94,29.234375
spectrum,27,18016320,512,1,8,60,bce19940,0.23386959196068347,0,97,30.884765625
spectrum,28,18658960,512,1,8,32,6fbfbd1a,0.24185049696825445,0,122,34.57421875
spectrum,29,19299120,512,1,8,58,419892dc,0.2498511200537905,0,87,28.251953125
spectrum,30,20016640,512,1,8,63,7ff5296c,0.26042431604582816,0,98,33.662109375
spectrum,31,20662640,512,1,8,60,11463d7c,0.26686041697394103,0,90,30.626953125
spectrum,32,21297200,512,1,8,61,9c6dfb53,0.27485376596450806,0,99,30.15625
spectrum,33,22016960,512,1,8,60,c7696ea2,0.2838545460253954,0,97,29.689453125
spectrum,34,22657200,512,1,8,61,68f03325,0.29185568902175874,0,100,29.734375
spectrum,35,23297120,512,1,8,35,534bae97,0.2998784340452403,0,126,36.66796875
spectrum,36,24016320,512,1,8,60,eef27004,0.3088721300009638,0,90,30.30078125
spectrum,37,24657120,512,1,8,58,6c33b844,0.3173790880246088,0,86,28.177734375
spectrum,38,25297120,512,1,8,60,8d080aa5,0.32658452400937676,0,88,30.390625
spectrum,39,26016320,512,1,8,60,2d376cf8,0.3338124790461734,0,94,31.2734375
spectrum,40,26657120,512,1,8,61,6292c17c,0.34188624005764723,0,99,31.046875
spectrum,41,27299040,512,1,8,60,e43551c8,0.3499336610548198,0,94,30.22265625
spectrum,42,28016640,512,1,8,61,7b9e780d,0.3588637870270759,0,88,31.490234375
spectrum,43,28657440,512,1,8,59,e85ed5bb,0.36685518198646605,0,88,30.626953125
spectrum,44,29297440,512,1,8,61,aa2acb4d,0.375994062051177,0,98,31.125
spectrum,45,30016640,512,1,8,31,1835682a,0.38389279297553003,0,123,37.298828125
spectrum,46,30657840,512,1,8,62,95d072ff,0.3918133140541613,0,100,30.546875
spectrum,47,31299040,512,1,8,58,cf443ee0,0.3998422799631953,0,89,28.96875
spectrum,48,32016640,512,1,8,60,9ebead12,0.4088743489701301,0,84,29.845703125
spectrum,49,32658560,512,1,8,61,840dc5ae,0.4168887579580769,0,93,31.66015625
spectrum,50,33297200,512,1,8,59,398e66e1,0.42489187500905246,0,95,29.15234375
spectrum,51,34016320,512,1,8,60,cb83985b,0.4338475400581956,0,91,30.328125
spectrum,52,34657120,512,1,8,60,df2f7cc5,0.4418710049940273,0,90,30.0859375
spectrum,53,35230320,512,1,8,37,f165e3d7,0.4488991539692506,0,124,30.3125
spectrum,54,35936640,512,1,8,62,137fe3c1,0.45788284100126475,0,102,32.30859375
spectrum,55,36577200,512,1,8,59,45aefa46,0.46717006096150726,0,94,30.1171875
spectrum,56,37217120,512,1,8,60,6852aac2,0.4738603619625792,0,89,29.568359375
spectrum,57,37937920,512,1,8,60,1738238e,0.48286528897006065,0,95,30.462890625
spectrum,58,38578400,512,1,8,60,d7161a5e,0.4908613229636103,0,89,29.869140625
spectrum,59,39217920,512,1,8,60,b687eac1,0.49884367105551064,0,91,29.55078125
spectrum,60,39936320,512,1,8,61,74ff5f51,0.5078548600431532,0,95,30.568359375
spectrum,61,40577120,512,1,8,59,c328ca8b,0.5158910000463948,0,93,28.556640625
spectrum,62,41220240,512,1,8,60,55d43d04,0.5238640210591257,0,90,29.962890625
spectrum,63,41936960,512,1,8,60,87265429,0.5328350239433348,0,94,31.306640625
spectrum,64,42579040,512,1,8,60,2fc52050,0.5408664849819615,0,93,29.4296875
spectrum,65,43218720,512,1,8,62,5a1ea037,0.5489070130279288,0,103,32.453125
spectrum,66,43936320,512,1,8,60,73496af0,0.558948645950295,0,93,29.505859375
spectrum,67,44577120,512,1,8,59,5a5329fb,0.5658195479772985,0,91,30.06640625
spectrum,68,45217120,512,1,8,60,8a85e1da,0.573834978044033,0,91,30.560546875
spectrum,69,45936320,512,1,8,29,e5be0a81,0.582847008947283,0,125,29.53125
spectrum,70,46578160,512,1,8,60,8d8db3a0,0.5908676199615002,0,143,39.60546875
spectrum,71,47217200,512,1,8,63,16611ef1,0.5988571819616482,0,105,32.625
spectrum,72,47936320,512,1,8,61,ca858267,0.607859404059127,0,103,30.140625
spectrum,73,48577120,512,1,8,60,04553820,0.6158592549618334,0,93,30.365234375
spectrum,74,49217120,512,1,8,60,791fb08e,0.6238834919640794,0,92,30.955078125
spectrum,75,49936640,512,1,8,58,f0279813,0.6328766370425001,0,88,27.857421875
spectrum,76,50577120,512,1,8,60,397cd87c,0.6408742649946362,0,92,29.341796875
spectrum,77,51217120,512,1,8,61,9cd873e5,0.6488793659955263,41,132,88.83203125
spectrum,78,51936960,512,1,8,37,b5989a99,0.6585573230404407,0,123,29.97265625
spectrum,79,52578800,512,1,8,20,9d871449,0.6658231789479032,0,124,32.0625
spectrum,80,53219040,512,1,8,60,745ca3a8,0.6738876630552113,0,91,29.73046875
spectrum,81,53936640,512,1,8,60,0b79449e,0.6829698859946802,0,88,31.08984375
spectrum,82,54579040,512,1,8,31,e032b856,0.6928954999893904,0,120,36.189453125
spectrum,83,55217920,512,1,8,59,53842459,0.6999974770005792,0,89,29.283203125
spectrum,84,55936320,512,1,8,59,d11ed4b3,0.7078383390326053,0,90,28.83984375
spectrum,85,56577120,512,1,8,62,971676a5,0.7158822129713371,0,96,31.7578125
spectrum,86,57221760,512,1,8,60,2ec0295c,0.7238688999786973,0,91,30.6015625
spectrum,87,57936640,512,1,8,60,8c31dff4,0.7329150850418955,0,91,32.39453125
spectrum,88,58577440,512,1,8,60,198259da,0.740896190982312,0,93,30.548828125
spectrum,89,59217440,512,1,8,63,89f1b20d,0.7488650230225176,0,101,32.375
spectrum,90,59936640,512,1,8,62,2866fb33,0.7579775840276852,0,95,31.900390625
spectrum,91,60577200,512,1,8,57,729092e5,0.7658539119875059,0,92,28.79296875
spectrum,92,61220240,512,1,8,60,04638ec4,0.7745820069685578,0,88,29.87109375
spectrum,93,61936320,512,1,8,36,1d178510,0.7828368289628997,0,121,37.40625
spectrum,94,62579280,512,1,8,60,1036818f,0.7918151969788596,0,93,29.45703125
spectrum,95,63218800,512,1,8,58,b521eb01,0.8017875290242955,0,87,29.57421875
spectrum,96,63936320,512,1,8,62,f5e82c1b,0.8078364699613303,0,95,30.775390625
spectrum,97,64577120,512,1,8,60,55a57d79,0.8158260319614783,0,106,33.2421875
spectrum,98,65217120,512,1,8,60,4bd4496a,0.8238680229987949,0,90,30.9453125
spectrum,99,65936320,512,1,8,59,2e061287,0.8328604160342366,0,93,29.8125
spectrum,100,66577120,512,1,8,60,02696a9e,0.8422259240178391,0,88,30.58203125
spectrum,101,67217120,512,1,8,62,6c26a4d9,0.8488516130018979,0,94,31.8671875
spectrum,102,67936960,512,1,8,37,04f6129e,0.858598759979941,0,124,30.041015625
spectrum,103,68579120,512,1,8,58,0f9837a4,0.8658697069622576,0,96,28.662109375
spectrum,104,69217520,512,1,8,60,8606814e,0.8739031909499317,0,92,30.509765625
spectrum,105,69936640,512,1,8,60,d82cbdef,0.8828745649661869,0,97,31.884765625
spectrum,106,70577440,512,1,8,30,813ee80d,0.8908629949437454,0,124,31.4609375
spectrum,107,71218800,512,1,8,62,19ac25db,0.8988694590516388,0,99,31.298828125
spectrum,108,71936640,512,1,8,60,8187996c,0.9078670920571312,0,90,28.4765625
spectrum,109,72577440,512,1,8,60,f533746f,0.9173302639974281,0,94,29.90234375
spectrum,110,73217440,512,1,8,60,e4ef33eb,0.9238622860284522,0,89,29.763671875
spectrum,111,73936640,512,1,8,60,1075102a,0.934316296945326,0,95,30.912109375
spectrum,112,74577440,512,1,8,60,a39b736a,0.9408580380259082,0,90,29.083984375
spectrum,113,75217440,512,1,8,59,0153b44f,0.9488574280403554,0,92,28.662109375
spectrum,114,75936640,512,1,8,60,b9cb116a,0.9578631269978359,0,92,30.982421875
spectrum,115,76578160,512,1,8,60,304d5b54,0.9658794499700889,0,92,30.689453125
spectrum,116,77217200,512,1,8,60,137901e2,0.9738380729686469,0,91,29.400390625
spectrum,117,77936320,512,1,8,60,82e78b44,0.9828572570113465,0,93,30.546875
spectrum,118,78577120,512,1,8,60,d9cba936,0.9908671180019155,0,89,30.43359375
spectrum,119,79219280,512,1,8,59,2e289f10,0.9988923070486635,0,93,30.6796875
spectrum,120,79936640,512,1,8,61,8651f66d,1.0078749819658697,0,98,31.015625
spectrum,121,80577440,512,1,8,60,0cb55c3a,1.015919998055324,0,87,30.80859375
spectrum,122,81220560,512,1,8,60,ca311ed9,1.0238504690350965,0,87,29.48046875
spectrum,123,81936640,512,1,8,60,6fa41189,1.0328607360133901,0,88,29.4375
spectrum,124,82577440,512,1,8,60,b7e7d4b1,1.040870466036722,0,106,31.599609375
spectrum,125,83217440,512,1,8,60,8042b420,1.0489064160501584,0,92,31.28515625
spectrum,126,83936640,512,1,8,63,e759b9cb,1.0578677109442651,0,98,32.287109375
spectrum,127,84579040,512,1,8,36,fb7495ff,1.0659192190505564,0,123,29.412109375
spectrum,128,85218240,512,1,8,60,9194c9d8,1.074475200031884,0,94,30.171875
spectrum,129,85936320,512,1,8,61,292a7ed7,1.0828719700220972,0,91,31.54296875
spectrum,130,86577120,512,1,8,60,a858016f,1.0908514329930767,0,93,29.31640625
spectrum,131,87218960,512,1,8,59,9966f3fb,1.0989593979902565,0,85,28.138671875
spectrum,132,87936640,512,1,8,72,7b0d1dde,1.108460551011376,0,125,40.8125
spectrum,133,88577200,512,1,8,62,a56908fc,1.1173432579962537,0,101,32.197265625
spectrum,134,89219040,512,1,8,60,f817587b,1.1238808509660885,0,92,29.525390625
spectrum,135,89936640,512,1,8,60,5044a342,1.132893022033386,0,94,31.05859375
spectrum,136,90577440,512,1,8,60,f491628a,1.1408686570357531,0,93,30.796875
spectrum,137,91217440,512,1,8,61,50fc5304,1.1490307849599048,0,103,32.1484375
spectrum,138,91936640,512,1,8,61,38242b33,1.1579081009840593,0,95,31.68359375
spectrum,139,92578720,512,1,8,60,11ec9b70,1.1659270790405571,0,87,29.865234375
spectrum,140,93217200,512,1,8,60,868cc00e,1.173935636994429,0,93,30.4140625
spectrum,141,93936320,512,1,8,60,61341788,1.1828813520260155,0,91,29.794921875
spectrum,142,94577120,512,1,8,60,2b6bea4d,1.1908736589830369,0,99,29.494140625
spectrum,143,95217120,512,1,8,43,93c4be41,1.1988514290424064,0,146,26.01171875
spectrum,144,95936960,512,1,8,60,7e5611f3,1.208411082974635,0,98,30.533203125
spectrum,145,96577440,512,1,8,61,51dea4c2,1.2163737940136343,0,96,31.974609375
spectrum,146,97217440,512,1,8,63,60af4295,1.2238677110290155,0,104,32.482421875
spectrum,147,97936640,512,1,8,60,72149c45,1.2328442150028422,0,91,28.751953125
spectrum,148,98577440,512,1,8,60,92073ac0,1.240857822005637,0,94,30.0078125
spectrum,149,99217440,512,1,8,60,238f3121,1.2488437870051712,0,96,29.9140625
spectrum,150,99936640,512,1,8,61,c64e8d82,1.257904350059107,0,93,30.796875
spectrum,151,100577440,512,1,8,60,81824ceb,1.2657851059921086,0,94,31.48046875
spectrum,152,101221680,512,1,8,60,245b1621,1.273909431998618,0,92,30.234375
spectrum,153,101936320,512,1,8,60,4ace36d0,1.2829147910233587,0,89,30.6640625
spectrum,154,102577120,512,1,8,60,46a22929,1.2908695370424539,0,89,31.904296875
spectrum,155,103217120,512,1,8,60,021003b4,1.298896249034442,0,95,31.234375
spectrum,156,103937280,512,1,8,59,188ee3a4,1.3078422150574625,0,84,27.63671875
spectrum,157,104577440,512,1,8,60,b6c41d7b,1.3162722979905084,0,91,30.1875
spectrum,158,105218720,512,1,8,60,737a6a8f,1.3238625370431691,0,93,31.115234375
spectrum,159,105936960,512,1,8,60,c9d4d39e,1.3328514540335163,0,94,31.017578125
spectrum,160,106577520,512,1,8,33,fe90badb,1.3408951279707253,0,132,29.849609375
spectrum,161,107218240,512,1,8,59,1ebd776b,1.3489181030308828,0,88,30.970703125
spectrum,162,107936320,512,1,8,59,d1aa4c8f,1.3581889619817957,0,90,29.638671875
spectrum,163,108577120,512,1,8,60,ecf66290,1.3658807020401582,0,91,31.12890625
spectrum,164,109219040,512,1,8,61,19088fa8,1.373861597967334,0,93,30.150390625
spectrum,165,109936640,512,1,8,59,7b0a244a,1.3829142949543893,0,88,29.1796875
spectrum,166,110577440,512,1,8,60,62df3d40,1.390866857022047,0,87,29.787109375
spectrum,167,111217440,512,1,8,62,742203d0,1.398843224043958,0,104,32.2421875
spectrum,168,111936640,512,1,8,31,24e0bf82,1.4089474850334227,0,123,35.82421875
spectrum,169,112577840,512,1,8,59,1779cd4b,1.4158449670067057,0,90,29.8828125
spectrum,170,113217120,512,1,8,60,9eda0bb5,1.4247183660045266,0,91,29.775390625
spectrum,171,113936320,512,1,8,61,877fb26e,1.432866167044267,0,94,32.03125
spectrum,172,114577120,512,1,8,60,dd679d6b,1.4432495250366628,0,93,29.4609375
spectrum,173,115217120,512,1,8,59,d72654da,1.4488610710250214,0,85,29.859375
spectrum,174,115936320,512,1,8,61,501d4029,1.4578557789791375,0,94,31.095703125
spectrum,175,116577120,512,1,8,60,10ca097e,1.4659258320461959,0,90,30.052734375
spectrum,176,117218960,512,1,8,38,43646cbf,1.4738684260519221,0,127,31.11328125
spectrum,177,117936640,512,1,8,60,f33e1e46,1.4828742049867287,0,96,30.54296875
spectrum,178,118577200,512,1,8,59,6827f8ae,1.4909401109907776,20,149,88.328125
spectrum,179,119218400,512,1,8,63,581a46dd,1.4988834450487047,0,104,33.150390625
spectrum,180,119936960,512,1,8,61,22511b45,1.5079271560534835,0,97,30.455078125
spectrum,181,120578720,512,1,8,60,367576a0,1.515933939954266,0,95,31.080078125
spectrum,182,121217200,512,1,8,60,f9cd1525,1.523899217019789,0,88,29.705078125
spectrum,183,121936320,512,1,8,60,222d58cb,1.532872644951567,0,93,29.78515625
spectrum,184,122580240,512,1,8,60,811e75d6,1.5408553030574694,0,98,29.78515625
spectrum,185,123217520,512,1,8,62,a333741d,1.5488634100183845,0,94,32.560546875
spectrum,186,123936640,512,1,8,61,483848d0,1.5579172499710694,0,92,29.998046875
spectrum,187,124577440,512,1,8,62,bab54487,1.5659206180134788,0,95,32.02734375
spectrum,188,125219920,512,1,8,61,11164867,1.573843194055371,0,94,31.185546875
spectrum,189,125936320,512,1,8,60,6bed2fb6,1.5828537920024246,0,89,31.08203125
spectrum,190,126577120,512,1,8,60,0fcf138f,1.590842091012746,0,92,31.296875
spectrum,191,127217120,512,1,8,61,08a96c6a,1.598924148012884,0,100,32.447265625
spectrum,192,127936320,512,1,8,29,e79c5b0f,1.607893718057312,0,125,29.0234375
spectrum,193,128578800,512,1,8,58,0027b641,1.6158611889695749,0,87,28.2890625
spectrum,194,129217520,512,1,8,60,c77b0c3f,1.6238496790174395,0,89,29.82421875
spectrum,195,129936640,512,1,8,60,1f61c160,1.6328802639618516,0,100,31.189453125
spectrum,196,130577440,512,1,8,60,20e598bb,1.6408530649496242,0,91,30.609375
spectrum,197,131217440,512,1,8,60,8865f053,1.7249831620138139,0,92,31.46484375
spectrum,198,131936640,512,1,8,60,d4a6d358,1.7251233470160514,0,95,30.4765625
spectrum,199,132577440,512,1,8,61,e02515a1,1.7252758940448985,0,98,32.041015625
spectrum,200,133217440,512,1,8,60,bb50738c,1.7253603240242228,0,91,29.681640625
spectrum,201,133943920,512,1,8,60,bd237553,1.7254816020140424,0,158,43.580078125
spectrum,202,134577920,512,1,8,60,f8ebbb70,1.7255565139930695,0,88,31.232421875
spectrum,203,135217120,512,1,8,61,6c2fa2c8,1.7256263049785048,0,95,31.03515625
spectrum,204,135936320,512,1,8,60,f312399d,1.726579764042981,0,93,30.4453125
