capture_index,command_start_ns,header_received_ns,payload_received_ns,source_control_phase
0,731403674113171,731403681467801,731404036165826,source_off_before
1,731404063032239,731404070070311,731404425493666,source_off_before
2,731404432439996,731404439180617,731404794150816,source_off_before
3,731404796678500,731404803951556,731405159144326,source_off_before
4,731405161590516,731405167957451,731405523224581,source_off_before
5,731405535362335,731405542557946,731405897184756,source_off_before
6,731405901895092,731405909013437,731406264145802,source_off_before
7,731406266359142,731406272959969,731406628154793,source_off_before
8,731406631209282,731406638029493,731406993137703,source_off_before
9,731406994848003,731407001968982,731407357137586,source_off_before
10,731407360356746,731407366971510,731407722161644,source_off_before
11,731407724674029,731407731974508,731408087211671,source_off_before
12,731408090209653,731408096963219,731408452184272,source_off_before
13,731408456270349,731408463063199,731408818178322,source_off_before
14,731408820399096,731408826297777,731409182222519,source_off_before
15,731409185725104,731409192314199,731409548237368,source_off_before
16,731409554635553,731409561372737,731409917186500,source_off_before
17,731409919998180,731409926426411,731410282214205,source_off_before
18,731410285306214,731410291374305,731410647207304,source_off_before
19,731410649793819,731410656327259,731411012234488,source_off_before
20,731411015424834,731411021348332,731411377248167,source_off_before
21,731411380355756,731411386347403,731411742216781,source_off_before
22,731411746220382,731411752438867,731412108260014,source_off_before
23,731412111892635,731412119245812,731412474239206,source_off_before
24,731412477913035,731412484459629,731412840231974,source_off_before
25,731412843081025,731412849357539,731413206553543,source_off_before
26,731413211051568,731413217474088,731413573246563,source_off_before
27,731413575537981,731413582387367,731413937324254,source_off_before
28,731413939822102,731413946406608,731414301313658,source_off_before
29,731414303349684,731414309461257,731414665229544,source_off_before
30,731414667401276,731414673400456,731415028338044,source_off_before
31,731415031448469,731415037408325,731415392323772,source_off_before
32,731415395115444,731415401414912,731415756332563,source_off_before
33,731415788650642,731415795401632,731416150339371,source_off_before
34,731416152938670,731416159386839,731416514314899,source_off_before
35,731416516448529,731416523471643,731416878347185,source_off_before
36,731416881465474,731416888430238,731417243345985,source_off_before
37,731417245558294,731417252503671,731417607391937,source_off_before
38,731417611281012,731417617479679,731417972374266,source_off_before
39,731417974498549,731417981494482,731418336368821,source_off_before
40,731418339108094,731418345494957,731418700628035,source_off_before
41,731418705554019,731418712542838,731419067357345,source_off_before
42,731419070053517,731419076408990,731419431436499,source_off_before
43,731419434941569,731419441506598,731419796424399,source_off_before
44,731419799154476,731419805437983,731420160370883,source_off_before
45,731420163537293,731420170495836,731420525383570,source_off_before
46,731420528131040,731420534460093,731420889402912,source_off_before
47,731420891963578,731420898462462,731421255297856,source_off_before
48,731421259097311,731421265475017,731421620393179,source_off_before
49,731421623221701,731421629547479,731421984479788,source_off_before
50,731421989982340,731421996697323,731422351412211,source_off_before
51,731422353682980,731422360591207,731422715411965,source_off_before
52,731422719042112,731422725580120,731423080399355,control_transition_guard_excluded
53,731423082591676,731423089747231,731423444488479,control_transition_guard_excluded
54,731423448114197,731423454552276,731423809433799,control_transition_guard_excluded
55,731423814259714,731423820581083,731424175413413,control_transition_guard_excluded
56,731424177849724,731424184579104,731424539432274,control_transition_guard_excluded
57,731424542300411,731424548613865,731424903478747,control_transition_guard_excluded
58,731424909680159,731424916581123,731425272488874,control_transition_guard_excluded
59,731425276480894,731425283677977,731425638417442,source_on_episode_0
60,731425640560990,731425647534161,731426002436082,source_on_episode_0
61,731426005093101,731426011763739,731426366430216,source_on_episode_0
62,731426369301580,731426376600856,731426731422626,source_on_episode_0
63,731426733389391,731426740640546,731427095499126,source_on_episode_0
64,731427098591166,731427105661389,731427460485554,source_on_episode_0
65,731427463291103,731427470647657,731427825432288,source_on_episode_0
66,731427827659775,731427834615903,731428189483400,source_on_episode_0
67,731428192189170,731428199492544,731428554531755,source_on_episode_0
68,731428557594089,731428564488951,731428919508415,source_on_episode_0
69,731428922145766,731428928545934,731429283468685,source_on_episode_0
70,731429285998614,731429292539006,731429647475814,source_on_episode_0
71,731429649208908,731429656877822,731430011471542,source_on_episode_0
72,731430014010918,731430020523228,731430375461899,source_on_episode_0
73,731430377702331,731430384538302,731430740227631,source_on_episode_0
74,731430744026356,731430750604269,731431105525648,source_on_episode_0
75,731431107544251,731431114541967,731431469497689,source_on_episode_0
76,731431471577577,731431478522524,731431833521399,source_on_episode_0
77,731431836082066,731431842425617,731432197624960,source_on_episode_0
78,731432202194140,731432209689767,731432564537256,source_on_episode_0
79,731432566795562,731432573429621,731432929896800,source_on_episode_0
80,731432935114244,731432941534730,731433296563332,source_on_episode_0
81,731433300118226,731433306468961,731433661586841,source_on_episode_0
82,731433665156523,731433672417457,731434027563580,source_on_episode_0
83,731434030308124,731434037410668,731434392549188,source_on_episode_0
84,731434394295957,731434401453215,731434756596643,source_on_episode_0
85,731434760956267,731434767559599,731435122562772,source_on_episode_0
86,731435125880569,731435132373031,731435487566614,source_on_episode_0
87,731435490192063,731435497570318,731435852567460,source_on_episode_0
88,731435855702281,731435862397797,731436217595218,source_on_episode_0
89,731436220865574,731436227396038,731436582571347,source_on_episode_0
90,731436585146982,731436592495571,731436947556273,source_on_episode_0
91,731436949965905,731436956346135,731437311616143,source_on_episode_0
92,731437314851433,731437321469322,731437676611458,source_on_episode_0
93,731437679141827,731437686395658,731438041664943,source_on_episode_0
94,731438046893729,731438053472464,731438408631342,source_on_episode_0
95,731438411273502,731438418422865,731438773601220,source_on_episode_0
96,731438776250113,731438783411539,731439138608749,source_on_episode_0
97,731439140379243,731439147395375,731439502596933,source_on_episode_0
98,731439505829639,731439512405599,731439867609141,source_on_episode_0
99,731439869606674,731439875776587,731440231609448,source_on_episode_0
100,731440234095604,731440241403186,731440596641464,source_on_episode_0
101,731440599320363,731440606393693,731440961885550,source_on_episode_0
102,731440968346172,731440974817745,731441330622463,source_on_episode_0
103,731441333221912,731441339813923,731441695775587,source_on_episode_0
104,731441699968747,731441707521992,731442062687603,source_on_episode_0
105,731442065609111,731442071762082,731442427654977,source_on_episode_0
106,731442430378370,731442436735277,731442792671503,source_on_episode_0
107,731442795296611,731442801818730,731443157678862,source_on_episode_0
108,731443160464273,731443166776395,731443522672415,source_on_episode_0
109,731443525556453,731443531801437,731443887687128,source_on_episode_0
110,731443890586725,731443896799439,731444252718032,source_on_episode_0
111,731444255835380,731444261848888,731444617705133,source_on_episode_0
112,731444621210534,731444627867968,731444983654542,source_on_episode_0
113,731444986617738,731444992827517,731445348693100,source_on_episode_0
114,731445351911899,731445357816071,731445713811669,source_on_episode_0
115,731445718334522,731445724914990,731446080669494,source_on_episode_0
116,731446082977483,731446089841116,731446447130609,source_on_episode_0
117,731446453555303,731446459922759,731446814773025,source_on_episode_0
118,731446818490837,731446824903108,731447179800973,source_on_episode_0
119,731447183530958,731447190057184,731447544893704,source_on_episode_0
120,731447550528346,731447556929155,731447912511284,source_on_episode_0
121,731447915948435,731447922848838,731448277825593,source_on_episode_0
122,731448282590212,731448288925968,731448643771715,source_on_episode_0
123,731448646610627,731448652961201,731449007873464,source_on_episode_0
124,731449011050996,731449017930549,731449372803528,source_on_episode_0
125,731449376215673,731449382886221,731449737815857,source_on_episode_0
126,731449740661542,731449746887982,731450101837455,source_on_episode_0
127,731450107456788,731450113933821,731450468861323,source_on_episode_0
128,731450473621724,731450479988680,731450834868000,source_on_episode_0
129,731450839064196,731450845947356,731451200865240,source_on_episode_0
130,731451205053229,731451211977006,731451566811903,source_on_episode_0
131,731451569210223,731451575943600,731451930848790,source_on_episode_0
132,731451934441376,731451940924901,731452295815483,source_on_episode_0
133,731452298603309,731452304944405,731452659850647,source_on_episode_0
134,731452663324448,731452670039541,731453024883856,source_on_episode_0
135,731453033915764,731453040984865,731453395866040,source_on_episode_0
136,731453400954441,731453407954973,731453762861114,source_on_episode_0
137,731453768479245,731453774998057,731454129858172,source_on_episode_0
138,731454132462932,731454139011270,731454493875472,source_on_episode_0
139,731454496633451,731454503051864,731454857920875,source_on_episode_0
140,731454861770727,731454868145326,731455222891826,source_on_episode_0
141,731455226024794,731455233084758,731455587862978,source_on_episode_0
142,731455590312875,731455597118179,731455953303797,source_on_episode_0
143,731455957916549,731455966448744,731456319900268,source_on_episode_0
144,731456322909913,731456330039048,731456684902619,source_on_episode_0
145,731456687193286,731456694119036,731457048949175,source_on_episode_0
146,731457052282270,731457059022370,731457413937329,source_on_episode_0
147,731457418795444,731457426069994,731457780901284,source_on_episode_0
148,731457783834314,731457790988726,731458145937699,source_on_episode_0
149,731458148965127,731458156114340,731458510879085,source_on_episode_0
150,731458513217802,731458520056188,731458874929778,source_on_episode_0
151,731458878386687,731458885086782,731459239905729,source_on_episode_0
152,731459242731416,731459250054327,731459605071048,source_on_episode_0
153,731459611468892,731459618016017,731459972909976,source_on_episode_0
154,731460035983453,731460043019743,731460397902060,source_on_episode_0
155,731460400159814,731460406989844,731460761925101,source_on_episode_0
156,731460764081795,731460770930109,731461125902316,source_on_episode_0
157,731461127824036,731461134943532,731461489996552,source_on_episode_0
158,731461494549301,731461501377878,731461855947164,source_on_episode_0
159,731461858374429,731461864971378,731462219934208,source_on_episode_0
160,731462222354789,731462228943463,731462584112713,source_on_episode_0
161,731462589042253,731462596068093,731462950973985,source_on_episode_0
162,731462953630021,731462959970637,731463315027283,source_on_episode_0
163,731463318229892,731463325199556,731463680017381,source_on_episode_0
164,731463685229285,731463691956130,731464046985585,source_on_episode_0
165,731464050561259,731464056966857,731464411979912,source_on_episode_0
166,731464415383360,731464421871364,731464776991370,source_on_episode_0
167,731464781087166,731464787893331,731465143046209,source_on_episode_0
168,731465146550187,731465152873029,731465508095449,source_on_episode_0
169,731465512553389,731465519624745,731465873994714,source_on_episode_0
170,731465876234956,731465882878083,731466238060527,source_on_episode_0
171,731466241183165,731466247915119,731466603135836,source_on_episode_0
172,731466607457789,731466614166330,731466969020254,source_on_episode_0
173,731466971972670,731466978835602,731467334047873,source_on_episode_0
174,731467336067317,731467342860748,731467698026120,source_on_episode_0
175,731467702487556,731467708848130,731468064023751,source_on_episode_0
176,731468066163202,731468072861353,731468428037325,source_on_episode_0
177,731468430334073,731468436825343,731468792040850,source_on_episode_0
178,731468794033844,731468800788181,731469156054895,source_on_episode_0
179,731469159260309,731469165841700,731469521081172,source_on_episode_0
180,731469524631067,731469531979917,731469887050761,source_on_episode_0
181,731469889924208,731469896891677,731470252412711,source_on_episode_0
182,731470255646479,731470262915909,731470618421955,source_on_episode_0
183,731470623934697,731470631031721,731470986041460,source_on_episode_0
184,731470988134944,731470994931881,731471350090310,source_on_episode_0
185,731471352911198,731471360347493,731471715098253,source_on_episode_0
186,731471720041619,731471726895054,731472085354077,source_on_episode_0
187,731472088467337,731472094873406,731472450082351,source_on_episode_0
188,731472452498504,731472459228275,731472815061269,source_on_episode_0
189,731472817810621,731472824222201,731473180084540,source_on_episode_0
190,731473182529638,731473189216067,731473545111859,source_on_episode_0
191,731473547825013,731473554192069,731473910116415,source_on_episode_0
192,731473913857030,731473921112193,731474276102084,source_on_episode_0
193,731474280155791,731474286419501,731474642105246,source_on_episode_0
194,731474644408767,731474650185437,731475006118490,source_on_episode_0
195,731475008526669,731475015300392,731475371138967,source_on_episode_0
196,731475374118985,731475380262238,731475736082888,source_on_episode_0
197,731475738169008,731475744260053,731476100132040,source_on_episode_0
198,731476104060940,731476110297059,731476466113321,source_on_episode_0
199,731476468121494,731476474255289,731476830111797,source_on_episode_0
200,731476832156619,731476838246531,731477194175156,source_on_episode_0
201,731477196819390,731477203276616,731477559148333,source_on_episode_0
202,731477561966736,731477568395949,731477924142860,source_on_episode_0
203,731477926972314,731477933326065,731478289134482,source_on_episode_0
204,731478291876110,731478298377019,731478653583690,source_on_episode_0
205,731478658911282,731478665378577,731479020234506,source_on_episode_0
206,731479023839615,731479030603420,731479385248019,source_on_episode_0
207,731479388926767,731479395711181,731479750229472,source_on_episode_0
208,731479753911546,731479760388399,731480115209482,source_on_episode_0
209,731480117654821,731480124341119,731480479253334,source_on_episode_0
210,731480482172658,731480488282438,731480845289539,source_on_episode_0
211,731480850500411,731480857592235,731481212263616,source_on_episode_0
212,731481215614945,731481222423234,731481577236193,source_on_episode_0
213,731481579759151,731481586345186,731481941254655,source_on_episode_0
214,731481943423263,731481950349742,731482305282853,source_on_episode_0
215,731482313506947,731482320405737,731482675264367,source_on_episode_0
216,731482866090822,731482872332525,731483227278260,source_on_episode_0
217,731483229982661,731483236359510,731483591336860,source_on_episode_0
218,731483594145409,731483600405667,731483955389459,source_on_episode_0
219,731483958579753,731483965429459,731484320304423,source_on_episode_0
220,731484324497389,731484331431145,731484686381568,source_on_episode_0
221,731484692147418,731484698458062,731485053334756,source_on_episode_0
222,731485057416180,731485064544835,731485419338578,source_on_episode_0
223,731485421773889,731485428426712,731485783367352,source_on_episode_0
224,731485787480846,731485794461271,731486149391731,source_on_episode_0
225,731486152151237,731486158576819,731486513348343,source_on_episode_0
226,731486515433309,731486522525265,731486877366410,source_on_episode_0
227,731486880048950,731486886502885,731487241465802,source_on_episode_0
228,731487245217289,731487251771515,731487606401565,source_on_episode_0
229,731487610939465,731487617532734,731487972345871,source_on_episode_0
230,731488043188153,731488049566575,731488404380400,source_on_episode_0
231,731488406477589,731488413617526,731488768373480,source_on_episode_0
232,731488770750660,731488777558116,731489132544136,source_on_episode_0
233,731489137323263,731489144558901,731489499408979,source_on_episode_0
234,731489502172923,731489508537619,731489863762998,source_on_episode_0
235,731489868441054,731489875630524,731490230408995,source_on_episode_0
236,731490233035107,731490239643435,731490594402134,source_on_episode_0
237,731490596655168,731490603578925,731490958457480,source_on_episode_0
238,731490961490965,731490968598310,731491323433131,source_on_episode_0
239,731491325709560,731491332565828,731491687475868,source_on_episode_0
240,731491691291167,731491698603521,731492053493302,source_on_episode_0
241,731492056169580,731492063503134,731492418464929,source_on_episode_0
242,731492420583288,731492427590062,731492782509775,source_on_episode_0
243,731492785787344,731492792582736,731493147476190,source_on_episode_0
244,731493150157397,731493156590542,731493511504810,source_on_episode_0
245,731493514637253,731493521533056,731493876493802,source_on_episode_0
246,731493879039712,731493885553501,731494240522071,source_on_episode_0
247,731494243649515,731494250548043,731494605543509,source_on_episode_0
248,731494608230026,731494615554993,731494970515003,source_on_episode_0
249,731494973182634,731494979601502,731495334546030,source_on_episode_0
250,731495337131645,731495343730435,731495698545173,source_on_episode_0
251,731495701675262,731495708633553,731496063726079,source_on_episode_0
252,731496069028869,731496075509244,731496430965006,source_on_episode_0
253,731496435578258,731496442561396,731496797558515,source_on_episode_0
254,731496799853269,731496806448111,731497161607277,source_on_episode_0
255,731497165368794,731497173192277,731497527630621,source_on_episode_0
256,731497532693176,731497539477316,731497894600791,source_on_episode_0
257,731497901668489,731497908494850,731498264403203,source_on_episode_0
258,731498267856173,731498274974899,731498629673582,source_on_episode_0
259,731498635666051,731498643521023,731498997677026,source_on_episode_0
260,731499011844284,731499018876836,731499373647342,source_on_episode_0
261,731499385150175,731499393624202,731499749118749,source_on_episode_0
262,731499753956577,731499761734754,731500115635808,source_on_episode_0
263,731500118376779,731500125610893,731500480716659,source_on_episode_0
264,731500491086342,731500498482914,731500852671870,source_on_episode_0
265,731500857189480,731500864548662,731501219674705,source_on_episode_0
266,731501226523478,731501233524690,731501588676257,source_on_episode_0
267,731501591328288,731501598841321,731501953689663,source_on_episode_0
268,731501967589663,731501995437173,731502329715088,source_on_episode_0
269,731502338912667,731502345565258,731502700733912,source_on_episode_0
270,731502704408122,731502711576471,731503066777627,source_on_episode_0
271,731503078949929,731503091382996,731503441108400,source_on_episode_0
272,731503444793331,731503452508357,731503806753925,source_on_episode_0
273,731503810506504,731503819008173,731504172738212,source_on_episode_0
274,731504178090737,731504184912338,731504540776371,source_on_episode_0
275,731504548399493,731504555851390,731504910750893,source_on_episode_0
276,731504919140459,731504925968412,731505281775416,source_on_episode_0
277,731505292679452,731505298859526,731505654776484,source_on_episode_0
278,731505659541323,731505665971682,731506021775085,source_on_episode_0
279,731506026292846,731506032909197,731506388763014,source_on_episode_0
280,731506393813184,731506401494866,731506755801555,source_on_episode_0
281,731506760776773,731506766995150,731507122825098,source_on_episode_0
282,731507130863227,731507139999188,731507492802421,source_on_episode_0
283,731507499778685,731507506435213,731507862093069,source_on_episode_0
284,731507865886015,731507872946428,731508227828413,source_on_episode_0
285,731508237713966,731508245555432,731508599823657,source_on_episode_0
286,731508604622240,731508610992625,731508966810901,source_on_episode_0
287,731508975676199,731508981959629,731509337875989,source_on_episode_0
288,731509343697212,731509350192443,731509705869336,source_on_episode_0
289,731509709716634,731509716643996,731510071848062,source_on_episode_0
290,731510079216369,731510086026408,731510441847160,source_on_episode_0
291,731510448870363,731510455089631,731510809946914,source_on_episode_0
292,731510817596876,731510825891641,731511178935544,source_on_episode_0
293,731511190723125,731511197915910,731511551999170,source_on_episode_0
294,731511555306534,731511562218465,731511916945166,source_on_episode_0
295,731511920679359,731511927023925,731512283468954,source_on_episode_0
296,731512288923391,731512295071052,731512649983831,source_on_episode_0
297,731512653561658,731512660089150,731513014983213,source_on_episode_0
298,731513024665329,731513031101429,731513385985580,source_on_episode_0
299,731513393126235,731513400095816,731513755088401,source_on_episode_0
300,731513920349824,731513927445134,731514282018562,source_on_episode_0
301,731514286801064,731514293148906,731514647983145,source_on_episode_0
302,731514653919847,731514660141789,731515015049348,source_on_episode_0
303,731515021581138,731515028958933,731515383073445,source_on_episode_0
304,731515389013583,731515395152047,731515750083756,source_on_episode_0
305,731515757455159,731515767200495,731516121602209,source_on_episode_0
306,731516135281798,731516142208237,731516498176629,source_on_episode_0
307,731516506433882,731516514023719,731516868093108,source_on_episode_0
308,731516874468161,731516882163929,731517236060459,source_on_episode_0
309,731517245590216,731517252388672,731517607095855,source_on_episode_0
310,731517614401363,731517622406718,731517976108254,source_on_episode_0
311,731517980951762,731517987249748,731518342102736,source_on_episode_0
312,731518344796656,731518351357572,731518706074799,source_on_episode_0
313,731518710139229,731518717215973,731519071983025,source_on_episode_0
314,731519074853970,731519081377745,731519436124776,source_on_episode_0
315,731519444629258,731519452126379,731519806044195,source_on_episode_0
316,731519810215989,731519817340483,731520172158987,source_on_episode_0
317,731520187725705,731520194428059,731520550063318,source_on_episode_0
318,731520560885095,731520571534957,731520923181500,source_on_episode_0
319,731520929467082,731520937463911,731521291176732,source_on_episode_0
320,731521301674956,731521308768662,731521663133656,source_on_episode_0
321,731521666485424,731521673319657,731522028154663,source_on_episode_0
322,731522031528793,731522038343009,731522393191308,source_on_episode_0
323,731522396902918,731522403396856,731522758178285,source_on_episode_0
324,731522761543719,731522768388442,731523123179480,source_on_episode_0
325,731523125686726,731523132361336,731523487187527,source_on_episode_0
326,731523496646419,731523503384399,731523858162458,source_on_episode_0
327,731523860377088,731523867385622,731524222244443,source_on_episode_0
328,731524226537226,731524233427956,731524588222802,source_on_episode_0
329,731524591700328,731524598361823,731524953244465,source_on_episode_0
330,731524957614734,731524964506757,731525319220667,source_on_episode_0
331,731525321975362,731525329273475,731525684306748,source_on_episode_0
332,731525688829587,731525695317323,731526050225889,source_on_episode_0
333,731526052587418,731526059249825,731526414239582,source_on_episode_0
334,731526417651564,731526425727252,731526779337110,source_on_episode_0
335,731526785965292,731526795330275,731527148283688,source_on_episode_0
336,731527152780547,731527159345670,731527514281398,source_on_episode_0
337,731527519407641,731527526344729,731527881286729,source_on_episode_0
338,731527884038489,731527891342583,731528246303628,source_on_episode_0
339,731528250409055,731528257347606,731528612430347,source_on_episode_0
340,731528616667705,731528623243227,731528978253291,source_on_episode_0
341,731528980902125,731528987277086,731529342303369,source_on_episode_0
342,731529344639350,731529351251762,731529706421193,source_on_episode_0
343,731529712144880,731529719284041,731530074322824,source_on_episode_0
344,731530076943375,731530084181343,731530439934579,source_on_episode_0
345,731530450905407,731530458278522,731530813344863,source_on_episode_0
346,731530816849541,731530823149901,731531178379141,source_on_episode_0
347,731531181313436,731531188157267,731531543808713,source_on_episode_0
348,731531547920422,731531555504887,731531910357187,source_on_episode_0
349,731531913207113,731531920181752,731532275341544,source_on_episode_0
350,731532278532667,731532285217416,731532641324461,source_on_episode_0
351,731532644027337,731532651219679,731533006347908,source_on_episode_0
352,731533010076380,731533017195532,731533372390616,source_on_episode_0
353,731533375688451,731533382190944,731533737582838,source_on_episode_0
354,731533742755148,731533749189181,731534104424829,source_on_episode_0
355,731534107213218,731534114229175,731534469385799,source_on_episode_0
356,731534743904659,731534751382332,731535106404600,source_on_episode_0
357,731535108694814,731535115268963,731535470422917,source_on_episode_0
358,731535472959849,731535480209950,731535835453312,source_on_episode_0
359,731535838387998,731535845372075,731536200435697,source_on_episode_0
360,731536203665923,731536210233159,731536565554935,source_on_episode_0
361,731536570292912,731536576902808,731536932454521,source_on_episode_0
362,731536935856373,731536942238418,731537297460013,source_on_episode_0
363,731537300754161,731537306648560,731537662626707,source_on_episode_0
364,731537667355235,731537673656326,731538029478156,source_on_episode_0
365,731538032169130,731538038599977,731538394523959,source_on_episode_0
366,731538398292436,731538404671034,731538760526904,source_on_episode_0
367,731538764133554,731538770660413,731539126536552,source_on_episode_0
368,731539130544694,731539136633993,731539492518673,source_on_episode_0
369,731539496070810,731539502728968,731539858594732,source_on_episode_0
370,731539863708391,731539869730512,731540225527105,source_on_episode_0
371,731540228732655,731540234699030,731540590580830,source_on_episode_0
372,731540594553064,731540600866508,731540956558277,source_on_episode_0
373,731540959340404,731540966438546,731541321530426,source_on_episode_0
374,731541325204324,731541331768453,731541688240848,source_on_episode_0
375,731541693329499,731541701764637,731542055555356,source_on_episode_0
376,731542059858357,731542067531750,731542421637855,source_on_episode_0
377,731542423705687,731542429811857,731542785575453,source_on_episode_0
378,731542788700260,731542794788476,731543149891210,control_transition_guard_excluded
379,731543163357639,731543169976282,731543524668812,control_transition_guard_excluded
380,731543527838985,731543535216025,731543889734866,control_transition_guard_excluded
381,731543893928620,731543902526125,731544255749949,control_transition_guard_excluded
382,731544260393676,731544267459426,731544621679536,control_transition_guard_excluded
383,731544624202030,731544630739288,731544985790904,control_transition_guard_excluded
384,731544992983595,731545000275986,731545354757128,control_transition_guard_excluded
385,731545359251462,731545365812164,731545720713701,source_off_after_episode_0
386,731545724686486,731545731015930,731546085752223,source_off_after_episode_0
387,731546089798998,731546096808231,731546451783084,source_off_after_episode_0
388,731546456916439,731546463886057,731546818727235,source_off_after_episode_0
389,731546828549854,731546834869068,731547189766252,source_off_after_episode_0
390,731547192850552,731547199842983,731547554936555,source_off_after_episode_0
391,731547557785017,731547564828906,731547919728440,source_off_after_episode_0
392,731547923058525,731547929882016,731548284737886,source_off_after_episode_0
393,731548287588202,731548293884522,731548648900943,source_off_after_episode_0
394,731548653743397,731548660957087,731549015768159,source_off_after_episode_0
395,731549018137222,731549024883025,731549379759318,source_off_after_episode_0
396,731549381766394,731549388919981,731549743804096,source_off_after_episode_0
397,731549747622237,731549753954446,731550108774820,source_off_after_episode_0
398,731550111581443,731550117909414,731550472823492,source_off_after_episode_0
399,731550476277483,731550482944146,731550837830511,source_off_after_episode_0
400,731550844128835,731550851255300,731551205961353,source_off_after_episode_0
401,731551211804795,731551218986475,731551573798304,source_off_after_episode_0
402,731551576282094,731551583067422,731551937857429,source_off_after_episode_0
403,731551941742637,731551949058832,731552303833299,source_off_after_episode_0
404,731552308285863,731552315009614,731552671094653,source_off_after_episode_0
405,731552676942793,731552684069348,731553038837971,source_off_after_episode_0
406,731553041477126,731553047999405,731553402946072,source_off_after_episode_0
407,731553419410355,731553427118734,731553780881584,source_off_after_episode_0
408,731553784897209,731553793168395,731554146948288,source_off_after_episode_0
409,731554151777546,731554159932211,731554513851894,source_off_after_episode_0
410,731554516655170,731554523023437,731554877893884,source_off_after_episode_0
411,731554881423437,731554888078388,731555242847261,source_off_after_episode_0
412,731555244790205,731555252047949,731555606870700,source_off_after_episode_0
413,731555610213539,731555616988948,731555972347896,source_off_after_episode_0
414,731555976735807,731555984089904,731556338854683,source_off_after_episode_0
415,731556342207491,731556349052462,731556703928680,source_off_after_episode_0
416,731556708258491,731556715051383,731557069974349,source_off_after_episode_0
417,731557076234421,731557082969152,731557438044124,source_off_after_episode_0
418,731557445846100,731557453073596,731557807949619,source_off_after_episode_0
419,731557810132047,731557816963663,731558171987296,source_off_after_episode_0
420,731558175299286,731558182011275,731558536999436,source_off_after_episode_0
421,731558540859236,731558548011229,731558902965956,source_off_after_episode_0
422,731558906596451,731558912997750,731559267977595,source_off_after_episode_0
423,731559270760171,731559278052811,731559632975924,source_off_after_episode_0
424,731559636501890,731559643024640,731559997969474,source_off_after_episode_0
425,731560001104800,731560008043859,731560362979894,source_off_after_episode_0
426,731560365909450,731560373073976,731560727987216,source_off_after_episode_0
427,731560730549134,731560736928782,731561092065896,source_off_after_episode_0
428,731561096260360,731561103027433,731561458125540,source_off_after_episode_0
429,731561463431071,731561470038631,731561825057206,source_off_after_episode_0
430,731561828419552,731561834939406,731562190036671,source_off_after_episode_0
431,731562194092872,731562201061968,731562556176100,source_off_after_episode_0
432,731562561552806,731562567991575,731562923061574,source_off_after_episode_0
433,731562926603610,731562932916732,731563288044879,control_transition_guard_excluded
434,731563290433599,731563296853924,731563652142171,control_transition_guard_excluded
435,731563656239180,731563663313605,731564018048143,control_transition_guard_excluded
436,731564020569644,731564026862648,731564382040233,control_transition_guard_excluded
437,731564384161776,731564390934098,731564746053030,control_transition_guard_excluded
438,731564749569388,731564756963479,731565112100215,control_transition_guard_excluded
439,731565114467794,731565120884152,731565476058345,control_transition_guard_excluded
440,731565478379296,731565484893929,731565840115341,source_on_episode_1
441,731565846239224,731565852981659,731566208083313,source_on_episode_1
442,731566211049949,731566217885521,731566573094074,source_on_episode_1
443,731566576180446,731566582929003,731566938121455,source_on_episode_1
444,731566941145259,731566947907943,731567303105173,source_on_episode_1
445,731567305988430,731567312942637,731567669056091,source_on_episode_1
446,731567676860711,731567683975111,731568039129547,source_on_episode_1
447,731568041943473,731568049045410,731568404212226,source_on_episode_1
448,731568412242303,731568418934763,731568774126886,source_on_episode_1
449,731568777202909,731568784061975,731569139144550,source_on_episode_1
450,731569141333962,731569147275688,731569503146745,source_on_episode_1
451,731569521920915,731569528305301,731569884172339,source_on_episode_1
452,731569886355418,731569892223846,731570248215630,source_on_episode_1
453,731570252796146,731570259677263,731570615168334,source_on_episode_1
454,731570617999082,731570624314958,731570980250311,source_on_episode_1
455,731570984512282,731570991347463,731571347179048,source_on_episode_1
456,731571350589955,731571357365723,731571713179812,source_on_episode_1
457,731571715409460,731571721381834,731572077298828,source_on_episode_1
458,731572081595045,731572088567756,731572444301990,source_on_episode_1
459,731572447078736,731572453353554,731572809214547,source_on_episode_1
460,731572812351545,731572818375928,731573174235569,source_on_episode_1
461,731573181159257,731573187319889,731573543208881,source_on_episode_1
462,731573545142758,731573551375015,731573907245001,source_on_episode_1
463,731573909962894,731573916371977,731574272315932,source_on_episode_1
464,731574280672778,731574287448235,731574643313788,source_on_episode_1
465,731574648037044,731574654426509,731575010266854,source_on_episode_1
466,731575012877224,731575019460056,731575375158680,source_on_episode_1
467,731575378918720,731575385526068,731575740333239,source_on_episode_1
468,731575742805998,731575749442993,731576104397864,source_on_episode_1
469,731576108353525,731576114446247,731576469379575,source_on_episode_1
470,731576477950086,731576484913860,731576839363439,source_on_episode_1
471,731576842106129,731576852430916,731577204421353,source_on_episode_1
472,731577206576459,731577213996498,731577568430082,source_on_episode_1
473,731577570985237,731577577481034,731577932403335,source_on_episode_1
474,731577935366013,731577941436463,731578296392998,source_on_episode_1
475,731578299812381,731578306454615,731578661455721,source_on_episode_1
476,731578665951536,731578672572269,731579027398323,source_on_episode_1
477,731579030104174,731579036541700,731579391417597,source_on_episode_1
478,731579395868927,731579403484637,731579757414207,source_on_episode_1
479,731579759825969,731579766521024,731580121504101,source_on_episode_1
480,731580125994275,731580132572768,731580487610726,source_on_episode_1
481,731580491346810,731580497652236,731580852452432,source_on_episode_1
482,731580855308447,731580861529102,731581216430250,source_on_episode_1
483,731581218745069,731581225539141,731581580535374,source_on_episode_1
484,731581583639770,731581590654170,731581945485892,source_on_episode_1
485,731581950113837,731581956564147,731582311457885,source_on_episode_1
486,731582313579418,731582320582576,731582675471903,source_on_episode_1
487,731582677450504,731582684554263,731583039497271,source_on_episode_1
488,731583042433619,731583048651799,731583403493683,source_on_episode_1
489,731583405878254,731583412658470,731583767544285,source_on_episode_1
490,731583771063117,731583777723826,731584132520292,source_on_episode_1
491,731584135387298,731584141686161,731584496550562,source_on_episode_1
492,731584500074504,731584506703162,731584861527086,source_on_episode_1
493,731584865434434,731584872789539,731585227491792,source_on_episode_1
494,731585230214334,731585236735358,731585591516707,source_on_episode_1
495,731585595216923,731585601754518,731585957148238,source_on_episode_1
496,731585962863414,731585969791379,731586324587084,source_on_episode_1
497,731586327928509,731586334747889,731586689560603,source_on_episode_1
498,731586691835005,731586698782528,731587053568431,source_on_episode_1
499,731587055722485,731587062919240,731587417834806,source_on_episode_1
500,731587421955389,731587428734903,731587783709199,source_on_episode_1
501,731587790014313,731587796754021,731588151580387,source_on_episode_1
502,731588154531853,731588161747183,731588516615975,source_on_episode_1
503,731588522049828,731588528766522,731588883589467,source_on_episode_1
504,731588886297882,731588892619057,731589247617093,source_on_episode_1
505,731589250722661,731589257755675,731589613296026,source_on_episode_1
506,731589617727147,731589625253166,731589979685105,source_on_episode_1
507,731589982108440,731589989526825,731590343637433,source_on_episode_1
508,731590346634676,731590353642713,731590708622066,source_on_episode_1
509,731590710944710,731590717616659,731591072697063,source_on_episode_1
510,731591078783383,731591085957504,731591440725644,source_on_episode_1
511,731591446573882,731591456518175,731591808659152,source_on_episode_1
512,731591811344613,731591818717431,731592173699185,source_on_episode_1
513,731592176956520,731592183716397,731592538691694,source_on_episode_1
514,731592541825725,731592548736017,731592903668632,source_on_episode_1
515,731592906370545,731592914206561,731593268987498,source_on_episode_1
516,731593272423313,731593279687575,731593634743089,source_on_episode_1
517,731593638348765,731593645650689,731594000688620,source_on_episode_1
518,731594003085985,731594009594404,731594364757140,source_on_episode_1
519,731594369872258,731594376664315,731594731716579,source_on_episode_1
520,731594734390608,731594741624653,731595096747120,source_on_episode_1
521,731595103553234,731595111087198,731595465719983,source_on_episode_1
522,731595467562015,731595474582034,731595829796101,source_on_episode_1
523,731595838820750,731595851628312,731596200807727,source_on_episode_1
524,731596205081209,731596211644483,731596566747965,source_on_episode_1
525,731596569188402,731596575686030,731596930746431,source_on_episode_1
526,731597007371062,731597014535455,731597369819377,source_on_episode_1
527,731597373218331,731597379668430,731597734894059,source_on_episode_1
528,731597738954167,731597745585719,731598100752728,source_on_episode_1
529,731598103044833,731598109681686,731598464749323,source_on_episode_1
530,731598467262879,731598473610923,731598828843272,source_on_episode_1
531,731598833302796,731598841441566,731599195784158,source_on_episode_1
532,731599199348735,731599206636612,731599561863656,source_on_episode_1
533,731599565682246,731599572640327,731599927814350,source_on_episode_1
534,731599930808928,731599937694892,731600292829580,source_on_episode_1
535,731600295042375,731600301639522,731600656798924,source_on_episode_1
536,731600659423399,731600666635522,731601021890014,source_on_episode_1
537,731601026727395,731601033729920,731601388856327,source_on_episode_1
538,731601392470990,731601399647225,731601754839464,source_on_episode_1
539,731601758964104,731601766113528,731602120919805,source_on_episode_1
540,731602125342861,731602132768148,731602487837922,source_on_episode_1
541,731602490157559,731602495964007,731602851872731,source_on_episode_1
542,731602854485714,731602860980017,731603216859945,source_on_episode_1
543,731603219222484,731603224988666,731603580958671,source_on_episode_1
544,731603583851686,731603590070726,731603945888413,source_on_episode_1
545,731603949593056,731603956052392,731604311866260,source_on_episode_1
546,731604314259577,731604320015079,731604675894238,source_on_episode_1
547,731604678775159,731604685082446,731605040907653,source_on_episode_1
548,731605043108836,731605049017909,731605404920400,source_on_episode_1
549,731605407350637,731605414039778,731605769954340,source_on_episode_1
550,731605772318742,731605779111570,731606134978402,source_on_episode_1
551,731606137657030,731606144075277,731606499949830,source_on_episode_1
552,731606503408797,731606510107527,731606865908660,source_on_episode_1
553,731606867477824,731606874041397,731607230027280,source_on_episode_1
554,731607234378960,731607241086886,731607596044045,source_on_episode_1
555,731607599308854,731607606187935,731607962027357,source_on_episode_1
556,731607966134803,731607972308397,731608327027012,source_on_episode_1
557,731608329460986,731608338094583,731608691092133,source_on_episode_1
558,731608694913698,731608701261081,731609056039747,source_on_episode_1
559,731609058376557,731609065152893,731609420058828,source_on_episode_1
560,731609422732657,731609429211709,731609784067898,source_on_episode_1
561,731609786345306,731609793204509,731610148151440,source_on_episode_1
562,731610152415584,731610159441513,731610514087380,source_on_episode_1
563,731610516762802,731610523240431,731610878925047,source_on_episode_1
564,731610882794332,731610889304603,731611244101555,source_on_episode_1
565,731611247175913,731611254219636,731611609094242,source_on_episode_1
566,731611610982752,731611617288436,731611972168973,source_on_episode_1
567,731611976262753,731611983272622,731612338118732,source_on_episode_1
568,731612675389723,731612682238656,731613037131362,source_on_episode_1
569,731613039499081,731613046203600,731613401400090,source_on_episode_1
570,731613406432690,731613413774568,731613768203380,source_on_episode_1
571,731613770927715,731613777507828,731614132214277,source_on_episode_1
572,731614135782882,731614142280039,731614497163900,source_on_episode_1
573,731614499736076,731614506229015,731614861236660,source_on_episode_1
574,731614867103742,731614873331157,731615228194770,source_on_episode_1
575,731615232127465,731615239280374,731615594230817,source_on_episode_1
576,731615597072114,731615603398847,731615958200067,source_on_episode_1
577,731615960676481,731615967229734,731616322283231,source_on_episode_1
578,731616329087049,731616335413271,731616690224526,source_on_episode_1
579,731616692821539,731616699368670,731617054201326,source_on_episode_1
580,731617057107605,731617063356591,731617418214873,source_on_episode_1
581,731617421897484,731617428330148,731617783201523,source_on_episode_1
582,731617786091411,731617793503572,731618148201758,source_on_episode_1
583,731618150486219,731618157409984,731618512211883,source_on_episode_1
584,731618514734515,731618521409849,731618876253748,source_on_episode_1
585,731618879175927,731618886354145,731619241225545,source_on_episode_1
586,731619244106076,731619251357081,731619606444968,source_on_episode_1
587,731619612902950,731619619492190,731619974291971,source_on_episode_1
588,731619976902149,731619983437929,731620338248769,source_on_episode_1
589,731620340698914,731620347400036,731620702282540,source_on_episode_1
590,731620704363415,731620711412587,731621066318966,source_on_episode_1
591,731621069240805,731621076461162,731621431261938,source_on_episode_1
592,731621433102267,731621440452199,731621795347023,source_on_episode_1
593,731621798775512,731621805381504,731622160278481,source_on_episode_1
594,731622162692597,731622169359385,731622524285945,source_on_episode_1
595,731622526225200,731622533329748,731622888296804,source_on_episode_1
596,731622891905725,731622898385448,731623253324600,source_on_episode_1
597,731623256090042,731623263416150,731623618315533,source_on_episode_1
598,731623620786207,731623627315814,731623982339473,source_on_episode_1
599,731623986332152,731623993389119,731624348341642,source_on_episode_1
600,731624350287450,731624357716853,731624712340650,source_on_episode_1
601,731624714869794,731624721391897,731625076348055,source_on_episode_1
602,731625079538031,731625086361946,731625441381021,source_on_episode_1
603,731625443811598,731625450375670,731625805412717,source_on_episode_1
604,731625807587650,731625814366700,731626169486804,source_on_episode_1
605,731626174261825,731626181398282,731626536370873,source_on_episode_1
606,731626538660283,731626545247730,731626900387687,source_on_episode_1
607,731626902199432,731626909340979,731627264490123,source_on_episode_1
608,731627268401026,731627275344277,731627630369684,source_on_episode_1
609,731627632850046,731627639240389,731627994444184,source_on_episode_1
610,731628033212369,731628040318770,731628395505690,source_on_episode_1
611,731628398622558,731628405301478,731628760439625,source_on_episode_1
612,731628765170482,731628772277273,731629127437271,source_on_episode_1
613,731629130385038,731629137339671,731629492470430,source_on_episode_1
614,731629495561820,731629502228176,731629857474804,source_on_episode_1
615,731629862293888,731629869249102,731630224444122,source_on_episode_1
616,731630226250476,731630233234885,731630588535371,source_on_episode_1
617,731630593141562,731630600350396,731630955534221,source_on_episode_1
618,731630966659980,731630975637126,731631328514006,source_on_episode_1
619,731631331623410,731631338310015,731631693513673,source_on_episode_1
620,731631697907982,731631704267988,731632059568149,source_on_episode_1
621,731632063234268,731632071438309,731632425559373,source_on_episode_1
622,731632430220237,731632439111711,731632792509663,source_on_episode_1
623,731632798243872,731632805341655,731633160616154,source_on_episode_1
624,731633164456463,731633171630782,731633526991731,source_on_episode_1
625,731633531668095,731633538325253,731633893578338,source_on_episode_1
626,731633897891864,731633904374662,731634259559787,source_on_episode_1
627,731634263510184,731634270838475,731634625637915,source_on_episode_1
628,731634630024410,731634637019679,731634992826238,source_on_episode_1
629,731634998148496,731635004668064,731635360833401,source_on_episode_1
630,731635366038417,731635373282307,731635729366780,source_on_episode_1
631,731635738714237,731635745268130,731636102956863,source_on_episode_1
632,731636107462553,731636113732547,731636469594685,source_on_episode_1
633,731636475549903,731636481754353,731636837664441,source_on_episode_1
634,731636847121376,731636854756257,731637208817290,source_on_episode_1
635,731637211557734,731637217762735,731637573587297,source_on_episode_1
636,731637576791671,731637582826359,731637940480999,source_on_episode_1
637,731637951488343,731637958069797,731638313720719,source_on_episode_1
638,731638573895132,731638581592892,731638936670063,source_on_episode_1
639,731638943676724,731638949797385,731639305690572,source_on_episode_1
640,731639309445188,731639315830030,731639671676215,source_on_episode_1
641,731639674804354,731639681261573,731640035763951,source_on_episode_1
642,731640039879541,731640046835145,731640401757447,source_on_episode_1
643,731640406046516,731640413234250,731640767795575,source_on_episode_1
644,731640771967452,731640779395000,731641133745627,source_on_episode_1
645,731641137168775,731641143871239,731641498782835,source_on_episode_1
646,731641507333121,731641513898645,731641868744837,source_on_episode_1
647,731641873652929,731641879900691,731642234758635,source_on_episode_1
648,731642238062316,731642244950622,731642601129316,source_on_episode_1
649,731642607507855,731642614702662,731642968806994,source_on_episode_1
650,731642972810231,731642978934208,731643333827204,source_on_episode_1
651,731643337881277,731643344805702,731643700109312,source_on_episode_1
652,731643707410571,731643713940758,731644068821097,source_on_episode_1
653,731644071806786,731644077936574,731644432818914,source_on_episode_1
654,731644437579357,731644444113711,731644798836828,source_on_episode_1
655,731644802682126,731644809931586,731645164661436,source_on_episode_1
656,731645168481997,731645175335687,731645529914247,source_on_episode_1
657,731645533763512,731645539933216,731645894891845,source_on_episode_1
658,731645898805423,731645904956381,731646259894210,source_on_episode_1
659,731646267645221,731646274143607,731646631024506,source_on_episode_1
660,731646634244820,731646640991146,731646995850914,source_on_episode_1
661,731646999791002,731647005966576,731647360904531,source_on_episode_1
662,731647368310528,731647374965842,731647729945684,source_on_episode_1
663,731647734746402,731647741120183,731648096550699,source_on_episode_1
664,731648111053937,731648118300672,731648472888118,source_on_episode_1
665,731648478183694,731648485071058,731648839880733,source_on_episode_1
666,731648845573483,731648852298148,731649206921400,source_on_episode_1
667,731649213955853,731649221357050,731649575890808,source_on_episode_1
668,731649578229391,731649585053534,731649939960961,source_on_episode_1
669,731649944945889,731649952339051,731650307528251,source_on_episode_1
670,731650312178926,731650319110883,731650673925270,source_on_episode_1
671,731650678652279,731650685139123,731651039955224,source_on_episode_1
672,731651042726556,731651049032517,731651403964395,source_on_episode_1
673,731651407631435,731651414365237,731651768903547,source_on_episode_1
674,731651771250755,731651777996671,731652132907727,source_on_episode_1
675,731652135582116,731652142051787,731652497516249,source_on_episode_1
676,731652510504345,731652518246418,731652871933170,source_on_episode_1
677,731652875628383,731652882116109,731653236988578,source_on_episode_1
678,731653261213310,731653268142963,731653622994859,source_on_episode_1
679,731653626539447,731653633542901,731653987992795,source_on_episode_1
680,731653992177326,731653999163727,731654353946090,source_on_episode_1
681,731654355976197,731654362994979,731654718892774,source_on_episode_1
682,731654729070183,731654736123901,731655090994399,source_on_episode_1
683,731655094379695,731655101095142,731655456035400,source_on_episode_1
684,731655459545462,731655466072182,731655821054408,source_on_episode_1
685,731655824476854,731655831064349,731656194834449,source_on_episode_1
686,731656202300690,731656209306226,731656564088640,source_on_episode_1
687,731656567609353,731656574060108,731656929040216,source_on_episode_1
688,731656932145321,731656939153883,731657294071302,source_on_episode_1
689,731657298497250,731657305137725,731657660047807,source_on_episode_1
690,731657663600981,731657670194497,731658025029115,source_on_episode_1
691,731658027599697,731658034124082,731658389073586,source_on_episode_1
692,731658398909447,731658406156942,731658761141071,source_on_episode_1
693,731658764044543,731658770980208,731659126126674,source_on_episode_1
694,731659129339302,731659136059989,731659491103287,source_on_episode_1
695,731659493230398,731659499990119,731659855077138,source_on_episode_1
696,731659857053934,731659863942439,731660219060177,source_on_episode_1
697,731660221344867,731660227950546,731660583095822,source_on_episode_1
698,731660585453099,731660591947197,731660947106790,source_on_episode_1
699,731660949849808,731660957010980,731661312100660,source_on_episode_1
700,731661314195900,731661320972513,731661676154846,source_on_episode_1
701,731661681332759,731661688150068,731662043095823,source_on_episode_1
702,731662045780370,731662052918748,731662408158408,source_on_episode_1
703,731662414106710,731662421938793,731662776135735,source_on_episode_1
704,731662779109511,731662785892906,731663141146971,source_on_episode_1
705,731663144177805,731663150951051,731663506243135,source_on_episode_1
706,731663510966616,731663517980138,731663873122648,source_on_episode_1
707,731663875239289,731663882046549,731664237128474,source_on_episode_1
708,731664241066788,731664248116918,731664603198980,source_on_episode_1
709,731664687729545,731664694978052,731665050284388,source_on_episode_1
710,731665057611594,731665064127853,731665419176679,source_on_episode_1
711,731665421239929,731665428010781,731665783264263,source_on_episode_1
712,731665792557415,731665799029340,731666154221086,source_on_episode_1
713,731666159728753,731666166996126,731666522840204,source_on_episode_1
714,731666526895349,731666534058263,731666889236159,source_on_episode_1
715,731666892103363,731666898984012,731667254217954,source_on_episode_1
716,731667257098753,731667263388202,731667619623257,source_on_episode_1
717,731667624528493,731667630369993,731667986259484,source_on_episode_1
718,731667991247957,731667997313312,731668353464406,source_on_episode_1
719,731668356890649,731668363401778,731668718514413,source_on_episode_1
720,731668720614713,731668727845035,731669082320362,source_on_episode_1
721,731669087056036,731669093569179,731669449296496,source_on_episode_1
722,731669452630835,731669459390565,731669815259259,source_on_episode_1
723,731669819146916,731669826901391,731670181264973,source_on_episode_1
724,731670183462908,731670189360695,731670545264602,source_on_episode_1
725,731670548933234,731670556337205,731670911295339,source_on_episode_1
726,731670924972448,731670931391032,731671287266824,source_on_episode_1
727,731671289428921,731671295472615,731671651379383,source_on_episode_1
728,731671655454435,731671661508137,731672017357327,source_on_episode_1
729,731672020086418,731672026417736,731672382278947,source_on_episode_1
730,731672384440974,731672390421387,731672746306882,source_on_episode_1
731,731672750274701,731672756453900,731673112297536,source_on_episode_1
732,731673115368806,731673121419642,731673476435927,source_on_episode_1
733,731673481419020,731673487525091,731673842394506,source_on_episode_1
734,731673844709864,731673851410692,731674206447174,source_on_episode_1
735,731674209095362,731674215484750,731674570402123,source_on_episode_1
736,731674637091239,731674643476039,731674998400374,source_on_episode_1
737,731675000861959,731675007535546,731675362500046,source_on_episode_1
738,731675366860499,731675373958941,731675728490629,source_on_episode_1
739,731675732834250,731675739756918,731676094513522,source_on_episode_1
740,731676098768546,731676105723495,731676460453617,source_on_episode_1
741,731676463327863,731676469587145,731676824454646,source_on_episode_1
742,731676827609203,731676834532413,731677189509051,source_on_episode_1
743,731677194568498,731677201629469,731677556451870,source_on_episode_1
744,731677558319940,731677564578781,731677919486945,source_on_episode_1
745,731677922898139,731677930540611,731678284504345,source_on_episode_1
746,731678288505197,731678295637873,731678650516037,source_on_episode_1
747,731678735230839,731678741593786,731679096485325,source_on_episode_1
748,731679098885624,731679105730515,731679460854382,source_on_episode_1
749,731679465270370,731679471970656,731679826489265,source_on_episode_1
750,731679828950329,731679835640256,731680190869070,source_on_episode_1
751,731680198044097,731680204621100,731680559509967,source_on_episode_1
752,731680563258891,731680569639682,731680924538908,source_on_episode_1
753,731680927292406,731680933688006,731681288529582,source_on_episode_1
754,731681290614032,731681297624687,731681652599693,source_on_episode_1
755,731681656984532,731681663778196,731682018537583,source_on_episode_1
756,731682021117081,731682027720194,731682382565222,source_on_episode_1
757,731682384536277,731682391818597,731682746515833,source_on_episode_1
758,731682753071646,731682759753417,731683114584217,source_on_episode_1
759,731683117356821,731683123805090,731683478557588,source_on_episode_1
760,731683480648801,731683487684153,731683842562980,control_transition_guard_excluded
761,731683844472408,731683851731403,731684206550968,control_transition_guard_excluded
762,731684208690121,731684215823919,731684570597012,control_transition_guard_excluded
763,731684573652352,731684580892551,731684935580373,control_transition_guard_excluded
764,731684937853079,731684944700945,731685299737597,control_transition_guard_excluded
765,731685304709498,731685311802679,731685666604914,control_transition_guard_excluded
766,731685669221462,731685675711981,731686030603074,source_off_after_episode_1
767,731686032854410,731686039780314,731686394606903,source_off_after_episode_1
768,731686396534506,731686403830861,731686758658300,source_off_after_episode_1
769,731686761790826,731686768754381,731687123670628,source_off_after_episode_1
770,731687126080956,731687132806179,731687487638785,source_off_after_episode_1
771,731687490743989,731687497711492,731687852673693,source_off_after_episode_1
772,731687855837778,731687862769974,731688217695565,source_off_after_episode_1
773,731688221072504,731688227759044,731688582658572,source_off_after_episode_1
774,731688584799880,731688591747946,731688946651892,source_off_after_episode_1
775,731688949649843,731688956672270,731689311687256,source_off_after_episode_1
776,731689340841970,731689347767403,731689702746840,source_off_after_episode_1
777,731689883626181,731689890689094,731690245723073,source_off_after_episode_1
778,731690248593352,731690255767256,731690610745416,source_off_after_episode_1
779,731690615664026,731690623626474,731690977740066,source_off_after_episode_1
780,731690982180109,731690988819259,731691346890539,source_off_after_episode_1
781,731691350934813,731691357757481,731691712703476,source_off_after_episode_1
782,731691715319393,731691721696066,731692076821922,source_off_after_episode_1
783,731692082237795,731692088781734,731692443851142,source_off_after_episode_1
784,731692446981623,731692453629270,731692808804607,source_off_after_episode_1
785,731692813117549,731692819721011,731693174746214,source_off_after_episode_1
786,731693179220011,731693186832124,731693540774542,source_off_after_episode_1
787,731693544119951,731693550675062,731693906298925,source_off_after_episode_1
788,731693910845209,731693917696140,731694272852387,source_off_after_episode_1
789,731694279998898,731694286696098,731694641983050,source_off_after_episode_1
790,731694646395650,731694653647662,731695008817682,source_off_after_episode_1
791,731695013976296,731695020659870,731695376306692,source_off_after_episode_1
792,731695380080272,731695386661612,731695741813835,source_off_after_episode_1
793,731695744453447,731695751648941,731696106782508,source_off_after_episode_1
794,731696109179219,731696116337633,731696470790798,source_off_after_episode_1
795,731696473312687,731696479676956,731696834814988,source_off_after_episode_1
796,731696837649118,731696844688496,731697199837489,source_off_after_episode_1
797,731697202180929,731697208674653,731697563868538,source_off_after_episode_1
798,731697567098067,731697573646726,731697928993740,source_off_after_episode_1
799,731697934937252,731697941943186,731698296827474,source_off_after_episode_1
800,731698299046969,731698305668866,731698660845254,source_off_after_episode_1
801,731698663415464,731698670647326,731699026044202,source_off_after_episode_1
802,731699029586434,731699036713047,731699391840922,source_off_after_episode_1
803,731699396224387,731699402680871,731699757890839,source_off_after_episode_1
804,731699762118529,731699768519077,731700123953319,source_off_after_episode_1
805,731700129414227,731700136698629,731700491896131,source_off_after_episode_1
806,731700494329421,731700500944535,731700856988209,source_off_after_episode_1
807,731700859985128,731700866067292,731701221918952,source_off_after_episode_1
808,731701225143903,731701231069380,731701588000522,source_off_after_episode_1
809,731701594364791,731701601427232,731701956882138,source_off_after_episode_1
810,731701959641806,731701966067010,731702321916542,source_off_after_episode_1
811,731702324412732,731702331117405,731702686943150,source_off_after_episode_1
812,731702689037538,731702695056382,731703050920559,source_off_after_episode_1
813,731703053271093,731703060066659,731703415984786,source_off_after_episode_1
814,731703419964386,731703426109279,731703781944949,source_off_after_episode_1
815,731703785450311,731703792102976,731704147963412,control_transition_guard_excluded
816,731704151168846,731704157147584,731704512941402,control_transition_guard_excluded
817,731704515315199,731704522220032,731704880406232,control_transition_guard_excluded
818,731704920790749,731704927180415,731705282086460,control_transition_guard_excluded
819,731705285626948,731705292082459,731705648019143,control_transition_guard_excluded
820,731705655280632,731705662208468,731706017090323,control_transition_guard_excluded
821,731706020398431,731706027132340,731706383546578,source_on_episode_2
822,731706386957701,731706393452356,731706748058176,source_on_episode_2
823,731706750539166,731706757231897,731707112090605,source_on_episode_2
824,731707115327097,731707124784697,731707477090205,source_on_episode_2
825,731707480037339,731707486149820,731707841083387,source_on_episode_2
826,731707845281511,731707852958637,731708207103920,source_on_episode_2
827,731708209721920,731708216201768,731708571160358,source_on_episode_2
828,731708579936055,731708588959823,731708941149447,source_on_episode_2
829,731708948197030,731708956174965,731709310095078,source_on_episode_2
830,731709312153979,731709318246943,731709673201362,source_on_episode_2
831,731709677084790,731709683257706,731710038166759,source_on_episode_2
832,731710041882770,731710048501400,731710403178933,source_on_episode_2
833,731710407871884,731710414215493,731710769165982,source_on_episode_2
834,731710926395157,731710933324586,731711288480733,source_on_episode_2
835,731711296469599,731711303266166,731711658199048,source_on_episode_2
836,731711661575425,731711668285649,731712023206558,source_on_episode_2
837,731712026630876,731712033327263,731712388208315,source_on_episode_2
838,731712391273633,731712398325824,731712753260306,source_on_episode_2
839,731712761137029,731712769986556,731713123246775,source_on_episode_2
840,731713129619359,731713136986527,731713491272177,source_on_episode_2
841,731713496440569,731713503949115,731713858251676,source_on_episode_2
842,731713861684219,731713868428417,731714223997988,source_on_episode_2
843,731714227359066,731714234424803,731714589288804,source_on_episode_2
844,731714594147319,731714602761750,731714956292105,source_on_episode_2
845,731714962049352,731714968413250,731715323131493,source_on_episode_2
846,731715326708430,731715333411901,731715688426243,source_on_episode_2
847,731715691529032,731715698461316,731716054338263,source_on_episode_2
848,731716063390063,731716071230798,731716425238140,source_on_episode_2
849,731716427881659,731716434360794,731716789259966,source_on_episode_2
850,731716792551351,731716799692802,731717154319797,source_on_episode_2
851,731717159616001,731717166462402,731717521288933,source_on_episode_2
852,731717523965374,731717530410765,731717885439308,source_on_episode_2
853,731717893828692,731717901507150,731718255329557,source_on_episode_2
854,731718260609921,731718267458396,731718622359615,source_on_episode_2
855,731718625947703,731718632528190,731718987662670,source_on_episode_2
856,731718993605700,731719000589210,731719355288094,source_on_episode_2
857,731719358273290,731719365452070,731719720290767,source_on_episode_2
858,731719729406537,731719736376553,731720091333613,source_on_episode_2
859,731720094840357,731720101852021,731720456313571,source_on_episode_2
860,731720458866838,731720465474888,731720820280748,source_on_episode_2
861,731720822629578,731720829418240,731721184315975,source_on_episode_2
862,731721186673231,731721193461752,731721548377258,source_on_episode_2
863,731721552227192,731721559415170,731721914497551,source_on_episode_2
864,731721922358875,731721929615774,731722284545365,source_on_episode_2
865,731722289020343,731722295423584,731722650391285,source_on_episode_2
866,731722654938360,731722661852829,731723016546381,source_on_episode_2
867,731723023269007,731723030587963,731723385432930,source_on_episode_2
868,731723387885346,731723394490059,731723749418292,source_on_episode_2
869,731723756094200,731723763494270,731724118795078,source_on_episode_2
870,731724130523318,731724137535342,731724492356780,source_on_episode_2
871,731724494754342,731724501351210,731724856381984,source_on_episode_2
872,731724859474152,731724866345310,731725221467787,source_on_episode_2
873,731725229846741,731725236397742,731725591459782,source_on_episode_2
874,731725594702265,731725601307859,731725956438339,source_on_episode_2
875,731725960323289,731725972524975,731726322482624,source_on_episode_2
876,731726326794142,731726333308042,731726688450311,source_on_episode_2
877,731726691307514,731726698339035,731727053662817,source_on_episode_2
878,731727057051948,731727064351798,731727419395417,source_on_episode_2
879,731727421786818,731727428277094,731727783570625,source_on_episode_2
880,731727790569184,731727797286510,731728152431040,source_on_episode_2
881,731728155162094,731728162212911,731728517619474,source_on_episode_2
882,731728521964065,731728529342353,731728884480958,source_on_episode_2
883,731728886834196,731728893329141,731729248545332,source_on_episode_2
884,731729253419406,731729260228606,731729615481915,source_on_episode_2
885,731729619959027,731729627342044,731729982487979,source_on_episode_2
886,731729986770032,731729993842911,731730348517152,source_on_episode_2
887,731730351788549,731730358318400,731730713509337,source_on_episode_2
888,731730715943519,731730722325449,731731077521266,source_on_episode_2
889,731731080112455,731731087342232,731731442502920,source_on_episode_2
890,731731447221429,731731455729687,731731809578088,source_on_episode_2
891,731731812035774,731731819333700,731732174507872,source_on_episode_2
892,731732176848296,731732183317462,731732538548539,source_on_episode_2
893,731732541759492,731732548325711,731732903654794,source_on_episode_2
894,731732908750588,731732914715308,731733270706594,source_on_episode_2
895,731733274940004,731733281616813,731733637568222,source_on_episode_2
896,731733640517699,731733646681226,731734004483550,source_on_episode_2
897,731734012674337,731734018828496,731734374541852,source_on_episode_2
898,731734376637111,731734382777444,731734738653025,source_on_episode_2
899,731734743136038,731734750705017,731735105572088,source_on_episode_2
900,731735109032714,731735115726284,731735471599699,source_on_episode_2
901,731735475578096,731735481764346,731735837589458,source_on_episode_2
902,731735839852656,731735845752082,731736203415737,source_on_episode_2
903,731736209218039,731736215870251,731736571621751,source_on_episode_2
904,731736574181991,731736580755174,731736936595873,source_on_episode_2
905,731736939464988,731736945758290,731737301610941,source_on_episode_2
906,731737305282015,731737311801686,731737667659404,source_on_episode_2
907,731737671478659,731737677778925,731738033608700,source_on_episode_2
908,731738036065844,731738042772750,731738397763865,source_on_episode_2
909,731738406237868,731738412857818,731738768645481,source_on_episode_2
910,731738771572976,731738777742474,731739132769034,source_on_episode_2
911,731739136819637,731739142817660,731739497733778,source_on_episode_2
912,731739500951214,731739508886035,731739862797850,source_on_episode_2
913,731739866902005,731739873872881,731740228760294,source_on_episode_2
914,731740231948894,731740238873542,731740593736827,source_on_episode_2
915,731740597498463,731740603925167,731740958754107,source_on_episode_2
916,731740961229366,731740967849367,731741322782913,source_on_episode_2
917,731741325548211,731741331804533,731741686798882,source_on_episode_2
918,731741690104434,731741696888796,731742051820898,source_on_episode_2
919,731742060935494,731742067860142,731742422785138,source_on_episode_2
920,731742425619107,731742431882371,731742786804281,source_on_episode_2
921,731742790117527,731742796847436,731743151810543,source_on_episode_2
922,731743155451140,731743161912099,731743516824918,source_on_episode_2
923,731743519785186,731743525941729,731743880806386,source_on_episode_2
924,731743883200552,731743889909441,731744244833600,source_on_episode_2
925,731744248065112,731744254917322,731744610038403,source_on_episode_2
926,731744615193749,731744621973913,731744978973481,source_on_episode_2
927,731744981365052,731744987937132,731745343336357,source_on_episode_2
928,731745347771479,731745353977806,731745708848037,source_on_episode_2
929,731745711771295,731745717958295,731746072885235,source_on_episode_2
930,731746076799059,731746084107233,731746439817303,source_on_episode_2
931,731746442632286,731746448982165,731746803898380,source_on_episode_2
932,731746806387996,731746813075675,731747167838660,source_on_episode_2
933,731747170072723,731747177114382,731747531832319,source_on_episode_2
934,731747535493745,731747542104458,731747896885614,source_on_episode_2
935,731747900720539,731747907136993,731748261839561,source_on_episode_2
936,731748267503771,731748274101849,731748628933048,source_on_episode_2
937,731748631440397,731748638070927,731748992897287,source_on_episode_2
938,731748999999961,731749009162588,731749363908093,source_on_episode_2
939,731749367599265,731749374749570,731749728923029,source_on_episode_2
940,731749733140368,731749740078491,731750094930836,source_on_episode_2
941,731750099456569,731750106065608,731750460966253,source_on_episode_2
942,731750464466854,731750471071335,731750826225669,source_on_episode_2
943,731750833333002,731750842613863,731751194913609,source_on_episode_2
944,731751197657347,731751204124948,731751558949605,source_on_episode_2
945,731751562605991,731751569118087,731751923951670,source_on_episode_2
946,731751927077301,731751934095115,731752288928347,source_on_episode_2
947,731752292225503,731752299025343,731752653970345,source_on_episode_2
948,731752658179899,731752665112441,731753019979063,source_on_episode_2
949,731753022688526,731753028989371,731753383982933,source_on_episode_2
950,731753387341766,731753394160893,731753748979091,source_on_episode_2
951,731753775553079,731753782059364,731754136973804,source_on_episode_2
952,731754143702400,731754151014190,731754506081748,source_on_episode_2
953,731754512358848,731754519345623,731754873982284,source_on_episode_2
954,731754876526413,731754883068085,731755238274445,source_on_episode_2
955,731755243733596,731755251112102,731755606043408,source_on_episode_2
956,731755611078646,731755618032008,731755973045078,source_on_episode_2
957,731755984341517,731755991195149,731756346076650,source_on_episode_2
958,731756349741702,731756357102736,731756712041543,source_on_episode_2
959,731756714969950,731756722037818,731757077035096,source_on_episode_2
960,731757079062667,731757086097873,731757441061164,source_on_episode_2
961,731757444491452,731757451035077,731757806094850,source_on_episode_2
962,731757810736703,731757818014769,731758173068241,source_on_episode_2
963,731758175908851,731758182978834,731758538618161,source_on_episode_2
964,731758542816624,731758550250646,731758905113593,source_on_episode_2
965,731758909042926,731758916044679,731759271066336,source_on_episode_2
966,731759274047253,731759281325239,731759636155591,source_on_episode_2
967,731759640320580,731759646933567,731760002082152,source_on_episode_2
968,731760006750545,731760014053228,731760369124645,source_on_episode_2
969,731760374113425,731760382071239,731760736117703,source_on_episode_2
970,731760739870392,731760746947747,731761102153408,source_on_episode_2
971,731761106956035,731761113922761,731761469088273,source_on_episode_2
972,731761471094563,731761477971730,731761833158862,source_on_episode_2
973,731761838400110,731761844983540,731762200089579,source_on_episode_2
974,731762203318445,731762209972629,731762565389323,source_on_episode_2
975,731762568483985,731762574911500,731762930155346,source_on_episode_2
976,731762933537783,731762939973944,731763295182673,source_on_episode_2
977,731763300151956,731763307016328,731763662140896,source_on_episode_2
978,731763665188529,731763671970625,731764027654722,source_on_episode_2
979,731764033308031,731764040443176,731764395447183,source_on_episode_2
980,731764398823178,731764405965096,731764761224916,source_on_episode_2
981,731764764586845,731764772071111,731765127805721,source_on_episode_2
982,731765131121812,731765138026180,731765493223339,source_on_episode_2
983,731765498125785,731765505062855,731765860201333,source_on_episode_2
984,731765864160272,731765870328024,731766226187518,source_on_episode_2
985,731766231039057,731766237441074,731766593186498,source_on_episode_2
986,731766595911720,731766602392365,731766958177464,source_on_episode_2
987,731766960633096,731766967299884,731767323196413,source_on_episode_2
988,731767325630554,731767332390418,731767688223776,source_on_episode_2
989,731767694474906,731767700411381,731768056312457,source_on_episode_2
990,731768069840962,731768077430197,731768432224374,source_on_episode_2
991,731768434644789,731768441421655,731768798122172,source_on_episode_2
992,731768802801545,731768809806363,731769165283934,source_on_episode_2
993,731769171033645,731769177445961,731769533268933,source_on_episode_2
994,731769536628567,731769543389292,731769899320299,source_on_episode_2
995,731769903245133,731769909388860,731770265284539,source_on_episode_2
996,731770268663259,731770275421309,731770632615706,source_on_episode_2
997,731770635776854,731770642435245,731771000364754,source_on_episode_2
998,731771004620856,731771011606848,731771367302424,source_on_episode_2
999,731771375152934,731771382195994,731771736497849,source_on_episode_2
1000,731771739333049,731771745459293,731772100414325,source_on_episode_2
1001,731772104736932,731772111640569,731772466498354,source_on_episode_2
1002,731772471397924,731772478296762,731772832443509,source_on_episode_2
1003,731772836886184,731772843485133,731773199287577,source_on_episode_2
1004,731773204225019,731773212756699,731773565388154,source_on_episode_2
1005,731773568847887,731773575463638,731773930379430,source_on_episode_2
1006,731773932279458,731773938545737,731774293434176,source_on_episode_2
1007,731774295887042,731774302513403,731774657393093,source_on_episode_2
1008,731774660108707,731774666545769,731775021443844,source_on_episode_2
1009,731775028720757,731775035513103,731775390441874,source_on_episode_2
1010,731775394553502,731775404062843,731775756448126,source_on_episode_2
1011,731775763640990,731775770513888,731776125470310,source_on_episode_2
1012,731776132945459,731776139573873,731776494435955,source_on_episode_2
1013,731776500054857,731776506588072,731776861460452,source_on_episode_2
1014,731776863974825,731776870564896,731777225463587,source_on_episode_2
1015,731777228914813,731777235561002,731777590559528,source_on_episode_2
1016,731777595792860,731777602616565,731777957443035,source_on_episode_2
1017,731777959564784,731777966654673,731778321559280,source_on_episode_2
1018,731778327112408,731778333637056,731778688453755,source_on_episode_2
1019,731778691310947,731778697601792,731779052495807,source_on_episode_2
1020,731779055456034,731779062607108,731779417538072,source_on_episode_2
1021,731779421616327,731779428829669,731779783524714,source_on_episode_2
1022,731779787343097,731779793743980,731780148515571,source_on_episode_2
1023,731780151289515,731780157701429,731780512488466,source_on_episode_2
1024,731780515983636,731780522674409,731780877929542,source_on_episode_2
1025,731780883868561,731780890651508,731781245529707,source_on_episode_2
1026,731781249640573,731781256706807,731781611546220,source_on_episode_2
1027,731781614588843,731781621728586,731781976572467,source_on_episode_2
1028,731781980141968,731781986731619,731782342633483,source_on_episode_2
1029,731782351699775,731782362123567,731782713677826,source_on_episode_2
1030,731782721542191,731782728760633,731783083581267,source_on_episode_2
1031,731783089545153,731783096698051,731783452912513,source_on_episode_2
1032,731783461447248,731783470310786,731783823587723,source_on_episode_2
1033,731783826306924,731783832809029,731784187585356,source_on_episode_2
1034,731784190486461,731784197718929,731784552565036,source_on_episode_2
1035,731784555420114,731784562761208,731784917674853,source_on_episode_2
1036,731784921074221,731784927788037,731785283156092,source_on_episode_2
1037,731785287836727,731785295054267,731785649600784,source_on_episode_2
1038,731785653703875,731785660646364,731786015613046,source_on_episode_2
1039,731786020208891,731786026641764,731786383358330,source_on_episode_2
1040,731786388119277,731786397503160,731786749643677,source_on_episode_2
1041,731786753180094,731786760493907,731787114624042,source_on_episode_2
1042,731787117336840,731787124687812,731787479711948,source_on_episode_2
1043,731787483571498,731787490684220,731787845633052,source_on_episode_2
1044,731787848272261,731787854724912,731788211626974,source_on_episode_2
1045,731788219987038,731788226753583,731788581728673,source_on_episode_2
1046,731788587368705,731788594731770,731788949664660,source_on_episode_2
1047,731788953075169,731788959679718,731789314707106,source_on_episode_2
1048,731789319853944,731789326720549,731789681699793,source_on_episode_2
1049,731789695836868,731789702799365,731790057681796,source_on_episode_2
1050,731790060568473,731790067610290,731790422725029,source_on_episode_2
1051,731790426588467,731790433616628,731790788712831,source_on_episode_2
1052,731790792384956,731790799534587,731791154707265,source_on_episode_2
1053,731791159629006,731791166612492,731791521828310,source_on_episode_2
1054,731791532395583,731791539885238,731791894787812,source_on_episode_2
1055,731791898753132,731791905657608,731792260763026,source_on_episode_2
1056,731792266896442,731792273873977,731792628726964,source_on_episode_2
1057,731792633493210,731792640633013,731792995824781,source_on_episode_2
1058,731792999737782,731793006628232,731793361759845,source_on_episode_2
1059,731793365559101,731793372586861,731793728127767,source_on_episode_2
1060,731793733379965,731793740671504,731794095768931,source_on_episode_2
1061,731794100375235,731794107559351,731794462716990,source_on_episode_2
1062,731794465549765,731794472646225,731794827723040,source_on_episode_2
1063,731794830084753,731794836630941,731795191781265,source_on_episode_2
1064,731795194380819,731795201545859,731795556913842,source_on_episode_2
1065,731795563086272,731795570275628,731795924797830,source_on_episode_2
1066,731795927215589,731795933500882,731796288774697,source_on_episode_2
1067,731796291268760,731796298731604,731796653775330,source_on_episode_2
1068,731796657224132,731796663588696,731797018849704,source_on_episode_2
1069,731797023620349,731797030626207,731797385793096,source_on_episode_2
1070,731797388365167,731797395578809,731797750865042,source_on_episode_2
1071,731797757320417,731797764608270,731798119779094,source_on_episode_2
1072,731798121574975,731798128568901,731798483824143,source_on_episode_2
1073,731798489349106,731798495984102,731798851838789,source_on_episode_2
1074,731798854731077,731798860970313,731799216800774,source_on_episode_2
1075,731799219698522,731799225877313,731799581849580,source_on_episode_2
1076,731799585567621,731799591978433,731799947806295,source_on_episode_2
1077,731799951683709,731799958033204,731800313869281,source_on_episode_2
1078,731800317650272,731800324033161,731800679895195,source_on_episode_2
1079,731800683817233,731800690019710,731801045924495,source_on_episode_2
1080,731801048971376,731801055067641,731801410873458,source_on_episode_2
1081,731801416840448,731801423028938,731801778878887,source_on_episode_2
1082,731801781904027,731801788053373,731802143900947,source_on_episode_2
1083,731802149601593,731802156072528,731802512186575,source_on_episode_2
1084,731802517305580,731802524451252,731802879865413,source_on_episode_2
1085,731802882484664,731802888984033,731803244902047,source_on_episode_2
1086,731803247058111,731803253025191,731803608937292,source_on_episode_2
1087,731803612476705,731803619066285,731803974908313,source_on_episode_2
1088,731803977812423,731803984098588,731804340132729,source_on_episode_2
1089,731804348280390,731804358297029,731804709990919,source_on_episode_2
1090,731804712515791,731804720288371,731805075454246,source_on_episode_2
1091,731805079980888,731805086217680,731805441010416,source_on_episode_2
1092,731805443566136,731805450063351,731805805049563,source_on_episode_2
1093,731805808974656,731805815229933,731806170010455,source_on_episode_2
1094,731806172948850,731806179458007,731806534026716,source_on_episode_2
1095,731806536729604,731806543101491,731806898042294,source_on_episode_2
1096,731806901259778,731806909206007,731807263053098,source_on_episode_2
1097,731807266624712,731807273189955,731807628127990,source_on_episode_2
1098,731807632924223,731807639483816,731807994380092,source_on_episode_2
1099,731807999398616,731808006168887,731808361082956,source_on_episode_2
1100,731808364060845,731808370235739,731808725948318,source_on_episode_2
1101,731808751153231,731808759101814,731809113216668,source_on_episode_2
1102,731809116594505,731809123160499,731809478095554,source_on_episode_2
1103,731809483219517,731809490266403,731809845114121,source_on_episode_2
1104,731809851351944,731809858247473,731810213123555,source_on_episode_2
1105,731810216799647,731810223277675,731810579087292,source_on_episode_2
1106,731810585844629,731810592228338,731810947115719,source_on_episode_2
1107,731810953554984,731810960213914,731811315153252,source_on_episode_2
1108,731811335103323,731811343395607,731811697176820,source_on_episode_2
1109,731811702559053,731811709303305,731812064806189,source_on_episode_2
1110,731812068237527,731812075216273,731812430176988,source_on_episode_2
1111,731812434504884,731812441232224,731812797715622,source_on_episode_2
1112,731812800581539,731812807364945,731813162037964,source_on_episode_2
1113,731813165426962,731813172285451,731813527124151,source_on_episode_2
1114,731813529926949,731813536328963,731813891134520,source_on_episode_2
1115,731813893653441,731813900361865,731814257281956,source_on_episode_2
1116,731814262953947,731814270578036,731814624538229,source_on_episode_2
1117,731814627517421,731814635382345,731814989168299,source_on_episode_2
1118,731814993825609,731815000292435,731815355165246,source_on_episode_2
1119,731815360379130,731815368257981,731815722187013,source_on_episode_2
1120,731815729320041,731815736324676,731816092879089,source_on_episode_2
1121,731816100048196,731816107340265,731816462238350,source_on_episode_2
1122,731816467950538,731816474407916,731816829189931,source_on_episode_2
1123,731816832995738,731816839339752,731817194181449,source_on_episode_2
1124,731817197357304,731817204404098,731817559220786,source_on_episode_2
1125,731817562081243,731817569365617,731817924230025,source_on_episode_2
1126,731817927798092,731817934384204,731818289200060,source_on_episode_2
1127,731818292257770,731818299305466,731818654226408,source_on_episode_2
1128,731818659962541,731818667254119,731819021903928,source_on_episode_2
1129,731819025291774,731819032276290,731819387695955,source_on_episode_2
1130,731819391436940,731819399598716,731819753971086,source_on_episode_2
1131,731819757636518,731819764431846,731820119652333,source_on_episode_2
1132,731820127425934,731820134499789,731820489282355,source_on_episode_2
1133,731820495897682,731820502550861,731820857381567,source_on_episode_2
1134,731820860798438,731820867510158,731821222311918,source_on_episode_2
1135,731821226298718,731821233411067,731821588281475,source_on_episode_2
1136,731821599660323,731821606368817,731821961290572,source_on_episode_2
1137,731821964405591,731821971411879,731822327088924,source_on_episode_2
1138,731822332385804,731822339355753,731822694298586,source_on_episode_2
1139,731822700713454,731822707318732,731823062306279,source_on_episode_2
1140,731823068146138,731823076414165,731823430369125,source_on_episode_2
1141,731823434259593,731823441302129,731823796327656,source_on_episode_2
1142,731823800802790,731823808092144,731824162598397,control_transition_guard_excluded
1143,731824166091151,731824173243455,731824528389908,control_transition_guard_excluded
1144,731824535465667,731824542225889,731824897397720,control_transition_guard_excluded
1145,731824904647839,731824911236987,731825266370845,control_transition_guard_excluded
1146,731825273820883,731825280263173,731825635394885,control_transition_guard_excluded
1147,731825639528232,731825646469907,731826001390730,control_transition_guard_excluded
1148,731826004738820,731826011974031,731826366348769,source_off_after
1149,731826370340969,731826377191661,731826732387092,source_off_after
1150,731826736307265,731826744710298,731827098402591,source_off_after
1151,731827102281977,731827109247347,731827464382561,source_off_after
1152,731827467939116,731827475665377,731827830441250,source_off_after
1153,731827834103796,731827841244638,731828196443662,source_off_after
1154,731828199327192,731828206287633,731828561410120,source_off_after
1155,731828564131002,731828571228101,731828926401865,source_off_after
1156,731828930094928,731828937234859,731829292417298,source_off_after
1157,731829295393584,731829302241922,731829657808056,source_off_after
1158,731829661518403,731829669397453,731830023495927,source_off_after
1159,731830027586353,731830034506197,731830389436365,source_off_after
1160,731830391732212,731830398377416,731830753456605,source_off_after
1161,731830756374160,731830763233459,731831118505052,source_off_after
1162,731831122236348,731831128557298,731831485370097,source_off_after
1163,731831488792618,731831494583214,731831850455482,source_off_after
1164,731831856185462,731831862623293,731832218465043,source_off_after
1165,731832221667478,731832227645999,731832583442060,source_off_after
1166,731832585743688,731832591620697,731832947499565,source_off_after
1167,731832950485559,731832956637669,731833312955447,source_off_after
1168,731833322839995,731833329667123,731833685471297,source_off_after
1169,731833688893337,731833695670400,731834051587237,source_off_after
1170,731834059868048,731834066685958,731834422498366,source_off_after
1171,731834425184583,731834431747310,731834787849034,source_off_after
1172,731834795858130,731834802657345,731835158530718,source_off_after
1173,731835167654394,731835173675506,731835529546451,source_off_after
1174,731835536303186,731835542677206,731835898544734,source_off_after
1175,731835906123946,731835912672697,731836268668027,source_off_after
1176,731836281273005,731836287697571,731836643561620,source_off_after
1177,731836647021171,731836653683467,731837009542947,source_off_after
1178,731837013430158,731837020299476,731837375743529,source_off_after
1179,731837379797485,731837386723310,731837741678946,source_off_after
1180,731837745875513,731837752716176,731838107710946,source_off_after
1181,731838113257920,731838119693026,731838474729223,source_off_after
1182,731838479699634,731838485765911,731838840593923,source_off_after
1183,731838842340160,731838848791777,731839203656739,source_off_after
1184,731839209495665,731839215817055,731839570647750,source_off_after
1185,731839574054611,731839581363741,731839935842199,source_off_after
1186,731839939924359,731839946767026,731840301661560,source_off_after
1187,731840307301240,731840313842175,731840668664050,source_off_after
1188,731840671815718,731840678750269,731841033661434,source_off_after
1189,731841036655343,731841042710378,731841397719948,source_off_after
1190,731841403413539,731841409893399,731841764705423,source_off_after
1191,731841767119774,731841773820793,731842128702148,source_off_after
1192,731842131405788,731842137823831,731842492676530,source_off_after
1193,731842494786024,731842501836515,731842856698400,source_off_after
1194,731842862075412,731842868814042,731843223729429,source_off_after
1195,731843226841852,731843233912451,731843588788661,source_off_after
1196,731843599465819,731843605835169,731843960745043,source_off_after
1197,731843964369616,731843970822024,731844325785038,source_off_after
1198,731844330926474,731844340187059,731844692796053,source_off_after
1199,731844697913513,731844704772902,731845059789475,source_off_after
1200,731845064789212,731845071867004,731845426773588,source_off_after
1201,731845429859150,731845437096495,731845791756580,source_off_after
1202,731845795695599,731845803235827,731846157762830,source_off_after
1203,731846160857360,731846168068064,731846524226955,source_off_after
1204,731846528656813,731846538148816,731846891169686,source_off_after
1205,731846893508995,731846899982413,731847254887710,source_off_after
1206,731847260159682,731847266971380,731847621768871,source_off_after
1207,731847624445419,731847630983529,731847985779978,source_off_after
1208,731847989894709,731847996927556,731848353062258,source_off_after
1209,731848356167988,731848362953517,731848717782224,source_off_after
1210,731848720708666,731848727976768,731849082821125,source_off_after
1211,731849087685706,731849095909668,731849450156341,source_off_after
1212,731849454532968,731849461031603,731849815826294,source_off_after
1213,731849820328799,731849827036971,731850181888138,source_off_after
1214,731850188581773,731850196253028,731850550824223,source_off_after
1215,731850553769409,731850561243812,731850915958097,source_off_after
1216,731850920401641,731850926999254,731851281851921,source_off_after
1217,731851285768547,731851292939765,731851647837435,source_off_after
1218,731851650569609,731851657848441,731852012839768,source_off_after
1219,731852016249845,731852022929192,731852377931930,source_off_after
1220,731852387376644,731852394032767,731852748855683,source_off_after
1221,731852756444732,731852764457023,731853117952696,source_off_after
1222,731853122628199,731853129944492,731853485116658,source_off_after
1223,731853489931725,731853497171132,731853854146081,source_off_after
1224,731853857288601,731853863941127,731854218949502,source_off_after
1225,731854222984412,731854229980318,731854585325237,source_off_after
1226,731854588336309,731854594876021,731854949909891,source_off_after
1227,731854953612482,731854960893609,731855315908312,source_off_after
1228,731855318946264,731855325891695,731855680944238,source_off_after
1229,731855686362898,731855692897000,731856047933282,source_off_after
1230,731856052967374,731856059904199,731856415037062,source_off_after
1231,731856418917670,731856425877759,731856780991565,source_off_after
1232,731856784510929,731856790864188,731857145972184,source_off_after
1233,731857149875965,731857156978814,731857511955439,source_off_after
1234,731857516411296,731857522932293,731857877975954,source_off_after
1235,731857881565500,731857888907422,731858243978765,source_off_after
1236,731858253272372,731858259897706,731858615014183,source_off_after
1237,731858619136057,731858628423002,731858980988819,source_off_after
1238,731858985416252,731858991894037,731859346964195,source_off_after
1239,731859361858476,731859370774968,731859723986806,source_off_after
1240,731859732115677,731859738823468,731860094033008,source_off_after
1241,731860098231518,731860104978994,731860459999254,source_off_after
1242,731860464629440,731860471915556,731860827065561,source_off_after
1243,731860833580496,731860840907540,731861196033489,source_off_after
1244,731861199371028,731861205807094,731861561049762,source_off_after
1245,731861565719804,731861572843613,731861928084417,source_off_after
1246,731861932614444,731861939858891,731862295036945,source_off_after
1247,731862297913302,731862304912434,731862660095606,source_off_after
1248,731862664492692,731862671935294,731863027069203,source_off_after
1249,731863031131525,731863037879571,731863393079675,source_off_after
1250,731863396709818,731863404127663,731863759136703,source_off_after
