sequence,nominal_start_seconds,nominal_end_seconds,nominal_phase,owned_reports,owned_cumulative,rssi_known,uncalibrated_rssi_mean,host_line_start_ns,host_line_end_ns
1,0.0,1.001705,transition_guard,0,0,0,,741639317214722,741639517460647
2,1.001705,2.011701,transition_guard,0,0,0,,741640419944659,741640520046466
3,2.011701,3.021701,initial_off,0,0,0,,741641422659001,741641522760368
4,3.021701,4.031713,initial_off,0,0,0,,741642424754633,741642524853244
5,4.031713,5.041717,initial_off,0,0,0,,741643426348706,741643526451114
6,5.041717,6.051713,initial_off,0,0,0,,741644428349517,741644528447047
7,6.051713,7.061701,initial_off,0,0,0,,741645430204923,741645530297904
8,7.061701,8.071701,initial_off,0,0,0,,741646432097128,741646532179929
9,8.071701,9.081701,initial_off,0,0,0,,741647434221531,741647534319551
10,9.081701,10.091701,transition_guard,0,0,0,,741648436028794,741648536120952
11,10.091701,11.101713,transition_guard,22,22,22,-76.27272727272727,741649437797102,741649537870926
12,11.101713,12.111705,transition_guard,41,63,41,-76.73170731707317,741650439652605,741650639876838
13,12.111705,13.121705,on_0,40,103,40,-76.225,741651441407928,741651641650886
14,13.121705,14.131705,on_0,40,143,40,-76.25,741652543173874,741652643298975
15,14.131705,15.141705,on_0,37,180,37,-76.02702702702703,741653544893498,741653644997920
16,15.141705,16.151705,on_0,41,221,41,-76.0,741654546706729,741654646797174
17,16.151705,17.161705,on_0,39,260,39,-75.97435897435898,741655548284824,741655648375058
18,17.161705,18.171705,on_0,39,299,39,-76.25641025641026,741656550187201,741656650293316
19,18.171705,19.181705,on_0,38,337,38,-75.94736842105263,741657552379175,741657652456405
20,19.181705,20.191705,transition_guard,40,377,40,-76.325,741658554184779,741658654265736
21,20.191705,21.201709,transition_guard,21,398,21,-76.23809523809524,741659555860516,741659655935461
22,21.201709,22.211701,transition_guard,0,398,0,,741660558320164,741660658397965
23,22.211701,23.221701,off_0,0,398,0,,741661559896121,741661659973541
24,23.221701,24.231701,off_0,0,398,0,,741662561626369,741662761901537
25,24.231701,25.241701,transition_guard,0,398,0,,741663563343873,741663763570549
26,25.241701,26.251705,transition_guard,13,411,13,-76.23076923076923,741664565726152,741664765924655
27,26.251705,27.261705,transition_guard,37,448,37,-76.10810810810811,741665667390357,741665767554972
28,27.261705,28.271705,on_1,39,487,39,-76.2051282051282,741666669353684,741666769447234
29,28.271705,29.281705,on_1,35,522,35,-76.4,741667671346375,741667771437641
30,29.281705,30.291705,on_1,40,562,40,-76.125,741668673296154,741668773416705
31,30.291705,31.301705,on_1,39,601,39,-75.94871794871794,741669675380076,741669775481782
32,31.301705,32.311705,on_1,38,639,38,-76.15789473684211,741670677532657,741670777790328
33,32.311705,33.321705,on_1,39,678,39,-76.1025641025641,741671680060708,741671780190617
34,33.321705,34.331709,on_1,37,715,37,-76.1891891891892,741672681988643,741672782075581
35,34.331709,35.341705,transition_guard,41,756,41,-76.46341463414635,741673683947387,741673784027271
36,35.341705,36.351705,transition_guard,33,789,33,-76.33333333333333,741674685864821,741674886065997
37,36.351705,37.361701,transition_guard,0,789,0,,741675688556618,741675888935440
38,37.361701,38.371701,off_1,0,789,0,,741676695145150,741676895526567
39,38.371701,39.381713,off_1,0,789,0,,741677698036684,741677898373546
40,39.381713,40.391717,off_1,0,789,0,,741678800714636,741678900871726
41,40.391717,41.401705,transition_guard,0,789,0,,741679803986567,741679904089635
42,41.401705,42.411709,transition_guard,15,804,15,-76.4,741680806280179,741680906413173
43,42.411709,43.421709,transition_guard,37,841,37,-76.29729729729729,741681812061792,741681912205867
44,43.421709,44.431709,on_2,37,878,37,-76.10810810810811,741682814339082,741682914472977
45,44.431709,45.441705,on_2,38,916,38,-76.15789473684211,741683818688086,741683918803848
46,45.441705,46.451705,on_2,36,952,36,-76.38888888888889,741684820667392,741684920974474
47,46.451705,47.461727,on_2,38,990,38,-75.89473684210526,741685826851132,741685927052566
48,47.461727,48.471705,on_2,38,1028,38,-76.1842105263158,741686832109003,741686906875644
49,48.471705,49.481709,on_2,40,1068,40,-76.25,741687813115527,741688013421901
50,49.481709,50.491705,on_2,40,1108,40,-76.225,741688815291933,741689015560745
51,50.491705,51.501709,transition_guard,39,1147,39,-76.33333333333333,741689817517060,741690017785491
52,51.501709,52.511701,transition_guard,29,1176,29,-76.17241379310344,741690921575775,741690947023111
53,52.511701,53.521701,transition_guard,0,1176,0,,741691850639814,741692051092675
54,53.521701,54.531701,off_2,0,1176,0,,741692852885500,741693053068409
55,54.531701,55.541701,off_2,0,1176,0,,741693854820837,741694055067587
56,55.541701,56.551713,off_2,0,1176,0,,741694957322535,741695057450949
57,56.551713,57.561717,off_2,0,1176,0,,741695959487805,741696059689427
58,57.561717,58.571701,off_2,0,1176,0,,741696961794301,741697061908258
59,58.571701,59.581701,off_2,0,1176,0,,741697965043458,741698065159289
60,59.581701,60.591701,off_2,0,1176,0,,741698967302714,741699067496351
61,60.591701,61.601701,off_2,0,1176,0,,741699969701994,741700069819247
62,61.601701,62.611701,off_2,0,1176,0,,741700971759066,741701071940501
63,62.611701,63.621701,off_2,0,1176,0,,741701975638623,741702075751057
64,63.621701,64.631701,off_2,0,1176,0,,741702978516766,741703078624000
65,64.631701,65.641713,off_2,0,1176,0,,741703980480661,741704080563458
66,65.641713,66.651701,off_2,0,1176,0,,741704982231462,741705182446491
67,66.651701,67.661701,off_2,0,1176,0,,741705984073645,741706184282342
68,67.661701,68.671701,off_2,0,1176,0,,741706985731910,741707185988768
69,68.671701,69.681701,off_2,0,1176,0,,741708087975302,741708188203635
70,69.681701,70.691701,off_2,0,1176,0,,741709090059301,741709190190730
71,70.691701,71.701701,off_2,0,1176,0,,741710091854483,741710191944524
72,71.701701,72.711701,off_2,0,1176,0,,741711093790922,741711193906791
73,72.711701,73.721701,off_2,0,1176,0,,741712095682485,741712195790910
74,73.721701,74.731701,off_2,0,1176,0,,741713098063232,741713198184131
75,74.731701,75.741701,off_2,0,1176,0,,741714100181182,741714200302833
76,75.741701,76.751701,off_2,0,1176,0,,741715102229680,741715202331854
77,76.751701,77.761713,off_2,0,1176,0,,741716104061318,741716204191795
78,77.761713,78.771701,off_2,0,1176,0,,741717105841187,741717306285698
79,78.771701,79.781713,off_2,0,1176,0,,741718107908709,741718308163732
80,79.781713,80.791701,off_2,0,1176,0,,741719109548182,741719309771825
81,80.791701,81.801701,off_2,0,1176,0,,741720211812355,741720311944175
82,81.801701,82.811717,off_2,0,1176,0,,741721213703753,741721313822578
83,82.811717,83.821713,off_2,0,1176,0,,741722215682084,741722315796501
84,83.821713,84.831701,off_2,0,1176,0,,741723217790093,741723317894401
85,84.831701,85.841713,off_2,0,1176,0,,741724219939511,741724320133580
86,85.841713,86.851701,off_2,0,1176,0,,741725222016985,741725322123201
87,86.851701,87.861717,off_2,0,1176,0,,741726223755152,741726323850109
88,87.861717,88.871713,off_2,0,1176,0,,741727225430392,741727325518699
89,88.871713,89.881717,transition_guard,0,1176,0,,741728227155968,741728327397394
90,89.881717,90.09283,transition_guard,0,1176,0,,741728427799351,741728627584242
